card_name,category,prediction
The Fool,love_single,สถานการณ์ความรักนั้นมักยากที่จะคาดเดาว่าจะเป็นอย่างไรต่อไป คุณอาจมีความรู้สึกเหนื่อยใจและเบื่อหน่ายกับสภาวะความรักที่กำลังพบเจออยู่ ในโสดมีเกณฑ์จะพบรักทางไกล หรือพบรักกับชาวต่างชาติก็ได้เช่นกัน เป็นการเจอกันแบบกะทันหันไม่คาดฝันมาก่อน แต่ว่าคนที่เข้ามาก็จะยังมีท่าทีที่ชัดเจนให้คุณเท่าไรนัก
The Fool,love_in_relationship,ระยะนี้คุณอาจจะหงุดหงิดอยู่บ้างเพราะคนรักเอาแน่เอานอนไม่ได้ รวมถึงอารมณ์ค่อนข้างแปรปรวนได้ง่ายจึง ทำให้คุณเอาใจไม่ถูก แต่ก็ถือว่าความสัมพันธ์ยังไม่แย่มากนักเพราะอาจจะมีการเดินทางท่องเที่ยวด้วยกัน เพื่อประคองความสัมพันธ์ให้ดี ยิ่งขึ้น
The Fool,career,ในช่วงนี้จะเป็นช่วงที่คุณมีอารมณ์เบื่องานเป็นอย่างมาก โดยเฉพาะหากคุณต้องทำงานแบบเดิม ๆ อยู่ทุกวันก็จะยิ่งทำให้อยากจะหาความท้าทายอะไรใหม่ ๆ ให้กับชีวิตการทำงานของตัวคุณเอง อาจมีการเดินทางเกี่ยวกับเรื่องงาน ทั้งในประเทศและต่างประเทศ นอกจากนั้นคุณอาจจะมองหาความคิดหรือไอเดียใหม่ ๆ ในเนื้อหางานเพราะว่าไม่ชอบทำอะไรที่จำเจ หรือถูกตีกรอบในการทำงานมากจนเกินไป อย่างไรก็ตามคุณจะทำงานตามอารมณ์ของตัวเองในช่วงนี้จนทำให้คนอื่น ๆ มองว่าคุณไม่ค่อยมีความรับผิดชอบในหน้าที่เท่าที่ควร หากมีความคิดที่อยากจะเปลี่ยนงานควรรอจังหวะไปก่อนเพราะยังไม่เหมาะที่จะเปลี่ยนแปลงอะไรในระยะนี้
The Fool,finance,คุณมีแนวโน้มจะมีความเครียดในเรื่องการเงินอยู่บ้าง แต่ว่าก็ไม่ถึงกับมากมายอะไรนัก ด้วยความที่ไพ่ใบนี้บ่งบอกถึงสถานการณ์ที่เอาแน่เอานอนไม่ได้ ดังนั้นเรื่องการเงินก็เช่นกัน รายรับและรายจ่ายของคุณนั้นจะไม่ค่อยมีความบาลานซ์กันเท่าไรนัก ทำให้ระยะนี้การเงินอาจจะตึงเป็นพัก ๆ คุณอาจจะรู้สึกว่าคุณไม่ได้ใช้ของฟุ่มเฟือยหรือซื้อของที่มีราคาแพงเกินตัวก็จริงอยู่ แต่ตัวคุณเองก็มีการใช้เงินแบบไม่ค่อยเป็นระบบ เรียกว่าใช้จ่ายตามใจตัวเองก็ได้เช่นกัน อยากได้อะไรก็ซื้อโดยไม่ลังเล ซึ่งทำให้การเก็บเงินของคุณเป็นเรื่องค่อนข้างยาก เป็นช่วงเวลาที่ไม่มีเงินเก็บ หรือเก็บเงินไม่ค่อยได้เลย นอกจากนั้นคุณมักจะชอบเสี่ยง ทำให้อาจจะสนใจการเล่นหุ้น หรือการเล่นการพนันได้ด้วยเช่นกัน
The Fool,health,ควรระวังโรคภัยไข้เจ็บที่เกิดจากการเดินทาง เช่น ภูมิแพ้อากาศ แพ้ฝุ่น ซึ่งโดยรวม ๆ แล้วก็ยังถือว่าสุขภาพไม่ค่อยมีปัญหาอะไรมากมายนัก แต่อย่างไรก็ตามควรระวังเรื่องของอุบัติเหตุเล็ก ๆ น้อย ๆ ที่อาจจะเกิดจากความประมาทได้ด้วยเช่นกัน ในคนที่เจ็บป่วยหรือไม่สบายอยู่อาจจะต้องระวังสุขภาพให้มากกว่าเดิมด้วยเพราะร่างกายยังอ่อนแกทำให้สามารถเจ็บป่วยโรคอื่น ๆ ได้อีก รวมถึงยังต้องพักฟื้นร่างกายไปก่อนเพราะจะยังไม่หายดีในระยะนี้
The Fool,personality,มองโลกในแง่ดี กล้าได้กล้าเสีย รักอิสระ รักการเดินทางและการผจญภัย ชอบทําอะไรเสี่ยงๆ ไม่ยึดติดกับกฎเกณฑ์ คิดนอกกรอบ นิสัยเหมือนเด็กร่าเริง มีอารมณ์ขัน เฮฮา เพื่อนฝูงเยอะ เข้ากับคนได้ง่าย ขี้เกียจ อะไรผ่อนแรงได้ก็จะทํา ใช้อารมณ์มากกว่าเหตุผล มักทําอะไรตามใจ ตนเอง ขาดความรอบคอบ ไม่คิดหน้าคิดหลัง อยากรู้อยากลองบางมุมจะหุนหันพลันแล่น เดี๋ยวขึ้นเดี๋ยวลง
The Fool,education,ในระยะนี้ตัวคุณเองจะค่อนข้างเบื่อหน่าย และขาดความกระตือรือร้นที่จะเอาใจใส่ในเรื่องการเรียนของตัวคุณเอง คุณจะมีความรู้สึกว่าอยากจะทำอะไรสนุก ๆ มากกว่าที่จะมานั่งเครียดเรื่องเรียน ดังนั้นเป็นไปได้สูงว่าคุณจะตั้งใจเรียนเฉพาะบางวิชาที่คุณสนใจหรืออาจารย์สอนสนุกเท่านั้น นอกจากนี้ระวังการติดเพื่อน ติดเที่ยวมากจนเกินไปทำให้ไม่ค่อยสนใจเรื่องเรียนเท่าไรหากมีก่อนสอบในช่วงนี้ผลสอบจะไม่ค่อยเป็นที่น่าพอใจมากนัก แม้ว่าคุณจะทำข้อสอบผ่านได้แบบฉิวเฉียดก็ตาม โดยสรุปแล้วคุณควรจะขยันทบทวนบทเรียนให้มากกว่านี้ไม่อย่างนั้นเกรดอาจจะออกมาแย่กว่าที่คิดเอาไว้
The Fool,luck,คุณจะมีลาภลอยอยู่บ้างแต่โอกาสก็ไม่มากมายเท่าไรนัก เป็นไปได้ว่าอาจจะมีโชคลาภเล็ก ๆ น้อย ๆ เข้ามาแบบไม่คาดคิดคาดฝัน หากถามในเรื่องของการเสี่ยงโชคจะพอมีให้ลุ้นอยู่บ้าง โอกาสในการเสี่ยง 50%
The Magician,love_single,สถานการณ์ความรักในระยะนีอาจเป็นช่วงเวลาที่เพิ่งเริ่มต้น ยังต้องอาศัยการศึกษานิสัยใจคอกันไปก่อน อย่าเพิ่งด่วนตัดสินใจ หากเป็นคนโสดอาจได้พบกับคนที่มีเสน่ห์ มีการเริ่มต้นความสัมพันธ์ใหม่ ๆ เกิดขึ้น แต่ก็จะยังไม่เห็นทิศทางที่ชัดเจนของความสัมพันธ์ว่าจะเป็นอย่างไรต่อไป
The Magician,love_in_relationship,คุณอาจจะมีอารมณ์เหน็ดเหนื่อยในเรื่องความสัมพันธ์พอสมควร คนรักอาจจะไม่ค่อยได้ดั่งใจมากนักในระยะนี้ อย่างไรก็ตามหากมีเรื่องอึดอัดใจกันควรเปิดใจพูดคุยอย่างตรงไปตรงมาจะดีที่สุด จับผิดหรือคาดหวังในตัวคนรักมากไปเพราะจะทำให้เสียความรู้สึกได้ง่าย นอกจากนั้นควรปล่อยวางเรื่องคนรักบ้าง อย่าตามจับผิดหรือคาดหวังในตัวคนรักมากไปเพราะจะทำให้เสียความรู้สึกได้ง่าย
The Magician,career,อาจมีการเริ่มต้นสิ่งใหม่ ๆ ในเรื่องการงาน เช่น ได้งานใหม่ หรือได้ทำโปรเจคใหม่ ๆ ที่ไม่เคยทำมาก่อน คุณจะรู้สึกกระตือรือร้นและพร้อมที่จะเรียนรู้สิ่งใหม่ ๆ ในที่ทำงาน โดยพื้นฐานแล้วคุณมักจะเป็นคนชอบคิด และชอบวางแผน รวมถึงกล้าที่จะนำเสนอไอเดียความคิดเห็นต่าง ๆ อีกด้วย ทำให้คนรอบข้างมักจะไว้ใจให้คุณรับผิดชอบงานยาก ๆ ซึ่งคุณเองก็จะรู้สึกว่าเป็นสิ่งที่ท้าทายและทำให้การทำงานเต็มไปด้วยความสนุกสนาน นอกจากนั้นหากต้องนำเสนองานให้เจ้านาย/ผู้ใหญ่ในที่ทำงาน ก็จะทำได้อย่างราบรื่น และเป็นที่น่าประทับใจของเจ้านายรวมถึงเพื่อนร่วมงานของคุณอีกด้วย
The Magician,finance,ในเรื่องการเงินนั้นจัดว่าระยะนี้ยังมีเงินเข้ามาให้หมุนได้อย่างไม่ติดขัด อาจจะไม่ถึงกับลื่นไหลมากเท่าไรแต่ก็ยังไม่มีปัญหาเรื่องการเงินในระยะนี้ หากว่าในอดีตคุณมีปัญหาเรื่องการเงินมาก่อนก็แสดงว่าปัญหาเหล่านั้นจะค่อย ๆ บรรเทาลง ทำให้คุณคลายความกังวลได้ซักพัก แต่อย่างไรก็ตามอย่าเพิ่งสร้างปัญหาใหม่ด้วยการใช้เงินตามใจตัวเอง เพราะถึงแม้ว่าคุณจะหมุนเงินได้ทันท่วงทีก็ตาม แต่ก็จะทำให้การใช้เงินของคุณไม่เป็นระบบ และมีปัญหาตามมาได้อีกในอนาคต หากคุณทำธุรกิจของตัวเอง คุณอาจจะต้องรอบคอบในเรื่องเอกสารการเงินให้ดีด้วย ในคนที่คิดจะลงทุนอะไรใหม่ ๆ ควรศึกษาหาความรู้ในสินทรัพย์ที่จะลงทุนให้ดีซะก่อน อย่าเพิ่งเชื่อตามคำแนะนำของคนที่คุณรู้จัก เพราะหากไม่มีความรู้ด้านการลงทุนมากพออาจจะเกิดการขาดทุนได้
The Magician,health,คุณควรระวังโรคเกี่ยวกับระบบเลือดลม รวมถึงระบบการหมุนเวียนในร่างกายไว้บ้าง นอกจากนั้นควรระวังอาการปวดหัวต่าง ๆ เช่น โรคเครียด หรือไมเกรน ควรหาเวลาพักผ่อนและอย่าหักโหมทำงานมากเกินไปนัก ในคนที่เจ็บป่วยหรือไม่สบายอยู่อาจจะต้องใช้เวลาพักฟื้นร่างกายซักระยะ เพราะยังมีโอกาสกลับมาไม่สบายได้อีกหากไม่ได้ดูแลร่างกายให้ดี
The Magician,personality,เป็นคนฉลาดรอบรู้ ทันคน มีความทะเยอทะยาน เอาตัวรอดเก่ง มั่นใจในตนเอง ชอบเรียนรู้สิ่งใหม่ๆ ไม่หยุดอยู่กับที่ พูดจาดี เจรจาต่อรองเก่ง มักจะทํางานไม่ตรงกับสายที่เรียนมา หัวไว หาเงินเก่ง แต่ก็เบื่อง่าย มักพบรักจากการสื่อสาร การเข้าสังคม
The Magician,education,ในช่วงนี้คุณจะเริ่มรู้สึกว่าตัวคุณเองมีความกระตือรือร้นในเรื่องการเรียนมากขึ้น รวมถึงมีความคิดที่จะพัฒนาศักยภาพในด้านการเรียนให้ดีกว่าในอดีต อย่างไรก็ตาม..ในระยะนี้คุณควรจะพยายามทุ่มเทในเรื่องการเรียนให้เต็มที่ เพราะสมองของคุณจะปลอดโปร่งและทำให้เข้าใจในวิชาการต่าง ๆ ได้อย่างรวดเร็ว หากมีการ Present งานในช่วงนี้คุณจะสามารถทำได้ดีมากกว่าที่คิดเอาไว้ และทำให้คนรอบข้างยอมรับในความสามารถของตัวคุณมากขึ้นอีกด้วย สิ่งที่ต้องระวังคือคุณอาจจะคิดว่าตัวคุณเข้าใจในวิชาต่าง ๆ ที่ต้องเรียน แต่พอลงลึกในเรื่องรายละเอียดต่าง ๆ คุณอาจจะพลาดได้เพราะรู้แค่ผิว ๆ เผิน ๆ เท่านั้น
The Magician,luck,ในระยะนี้คุณมักจะมีโชคลาภเนื่องมาจากตัวคุณเอง หรือความสามารถของตัวคุณเองมากกว่า เช่น โชคลาภทางการงาน เป็นต้น แต่หากเป็นโชคลาภที่ได้มาแบบฟลุ๊ค ๆ เรื่องเงินนั้นจะยังไม่มี ในเรื่องของการเสี่ยงโชคนั้นสามารถพอลุ้นได้บ้าง โอกาสในการเสี่ยง 50%
The High Priestess,love_single,สถานการณ์ความรักในระยะนี้จะดูคลุมเครือพอสมควร ทำให้ยากที่จะคาดเดาว่าความสัมพันธ์จะเป็นไปในทิศทางไหน หากคุณยังโสดุและได้พบใครบางคนเข้ามาคุณอาจจะรู้สึกว่าเขาช่างมีเสน่ห์ และดึงดูดให้คุณเข้าหา เหมือนว่าเขาเป็นคนลึกลับซึ่งทำให้คุณต้องการที่จะ รู้จักเขามากยิ่งขึ้น อย่างไรก็ตามควรเช็คให้ดี ๆ ก่อนเพราะมีแนวโน้มว่าเขาอาจจะมีคนรักอยู่แล้วก็ได้
The High Priestess,love_in_relationship,คุณอาจรู้สึกกังวลและเครียดเกี่ยวกับความสัมพันธ์ระหว่างคุณกับคนรัก คนรักของคุณอาจมีท่าทีที่ทำให้คุณรู้สึกสงสัยหรือไม่มั่นใจ คุณจำเป็นต้องใช้เวลาและความอดทนมากขึ้นในการประคับประคองความสัมพันธ์ให้อยู่ในจุดที่ลงตัว นอกจากนี้ ยังอาจมีการสื่อสารหรือการพูดคุยกันในลักษณะที่ไม่เปิดเผยได้เช่นกัน ระยะนี้อาจจะต้องใช้ความอดทนมากหน่อยเพื่อประคองความสัมพันธ์ให้คงอยู่
The High Priestess,career,ในช่วงนี้คุณอาจจะมีความอึดอัดใจ และเบื่อหน่ายในเรื่องงาน ซึ่งสาเหตุอาจจะเป็นเรื่องของสังคมในที่ทำงานไม่ค่อยดี หรืองานมีความกดดันสูงก็ได้เช่นกัน หากคุณทำงานที่ต้องใช้ความคิดสร้างสรรค์ หรืองานออกแบบก็ถือว่าช่วงนี้งานจะไม่ค่อยมีปัญหามากนัก แต่หากทำงานประเภทอื่น ๆ ต้องระวังทำงานผิดพลาดไว้ด้วย บรรยากาศในการทำงานระยะนี้ไม่เชิงว่าดีมากนัก คุณจำเป็นต้องควบคุมอารมณ์ไว้บ้างเพราะมักจะมีเรื่องจุกจิกเข้ามาที่ทำให้น็อตหลุดได้บ่อย ๆ ในคนที่ทำธุรกิจส่วนตัวช่วงนี้ยังไม่ใช่จังหวะที่ดีมากนัก อย่าเพิ่งลงทุนอะไรเพิ่มเติมควรรอให้ผ่านไปซักระยะก่อนจะดีกว่า
The High Priestess,finance,การเงินในระยะนี้จัดเป็นช่วงที่เก็บเงินได้ค่อนข้างยากมาก ๆ คุณอาจมีความคิดเกี่ยวกับเรื่องอนาคต หรือมีความคิดว่าอยากจะเก็บเงิน แต่อารมณ์เหล่านี้ก็มักมีเป็นพัก ๆ ทำให้สรุปแล้วไม่ได้เก็บซักที หากคิดว่าจะเก็บให้เก็บเลยเพราะว่ามักจะมีเหตุให้ใช้เงินไปกับข้าวของฟุ่มเฟือยต่าง ๆ ในคนที่มีหนี้สินอยู่อาจจะเครียดมาก เพราะไม่รู้จะหมุนเงินจากทางไหน ควรทำใจให้สบาย ๆ และค่อย ๆ หาวิธีแก้ไขทีละขั้นตอน และควรประหยัดให้มากกว่านี้ด้วย หากให้ใครยืมเงินไปมีแนวโน้มว่าคุณอาจจะโดนชักดาบ โดนเบี้ยวเงิน หรือหากไม่ตามทวงก็นานมากกว่าจะได้คืน โดยสรุปแล้วการเงินช่วงนี้ไม่ค่อยดีนักดังนั้นอย่าใช้จ่ายเกินตัวจะดีที่สุด
The High Priestess,health,สุขภาพของคุณในระยะนี้จัดว่ายังไม่มีอะไรน่าเป็นห่วงมากนัก แต่ควรระวังสุขภาพที่เกี่ยวกับช่องท้อง โดยเฉพาะบริเวณท้องน้อยให้มากเป็นพิเศษ รวมไปถึงโรคที่เกี่ยวกับไขมัน คอเลสเตอรอลต่าง ๆ และปัญหาเรื่องน้ำหนักตัวเอาไว้ด้วย
The High Priestess,personality,เป็นคนรักสันโดษแต่เก็บข้อมูลเก่ง รักษาความลับได้ โลกส่วนตัวสูง มีเสน่ห์ลึกลับน่าค้นหา ลางสังหรณ์แม่นยํา มีจินตนาการและความคิดสร้างสรรค์ มักทําอะไรตามอารมณ์ อ่อนไหวง่าย บางครั้งอาจชอบคิดแทนคนอื่นและคิดมากจนทําให้ไม่สบายใจ ช่วงหงุดหงิดจะใช้เงินเก่ง มีความโลเลในตนเอง
The High Priestess,education,หากการเรียนของคุณเกี่ยวข้องกับศิลปะ หรือวิชาที่ไม่เน้นการคำนวณมากนัก ผลการเรียนจะค่อนข้างออกมาดีกว่าที่คาดคิดเอาไว้ แต่หากเป็นวิชาที่เกี่ยวกับการคำนวณอาจจะต้องรอบคอบกว่าปกติ เพราะมีโอกาสจะผิดพลาดได้ ช่วงนี้ควรระวังการนอนหลับไม่เพียงพอ หรือนอนดึกเกินไปเพราะจะส่งผลต่อการเรียน ทำให้เรียนไม่รู้เรื่องได้ หากมีการสอบแข่งขันในช่วงนี้โอกาสจะยังมีไม่มากนัก ควรตั้งใจให้มากกว่านี้ มีโอกาสต้องสอบซ่อม หรือพลาดในจุดที่มั่นใจว่าไม่น่าจะพลาด นอกจากนั้นหากมีความรู้สึกว่าข้อสอบจะออกแนวไหน ให้ลองเชื่อตามสัญชาตญาณของคุณดู เพราะมีแนวโน้มว่าจะเป็นไปตามนั้น
The High Priestess,luck,ในระยะนี้ถือว่ายังไม่มีโชคลาภใด ๆ เกิดขึ้น หากรอคอยข่าวดีอะไรอยู่ก็มีแนวโน้มว่าจะล่าช้ากว่าที่คุณคาดคิดเอาไว้ ในเรื่องของการเสี่ยงโชคไม่ค่อยเหมาะเท่าไรนัก โอกาสในการเสี่ยง 20%
The Empress,love_single,หากคุณยังโสดอยู่ การที่ไพ่ใบนี้ปรากฏขึ้นนั่นหมายถึงคุณมีแนวโน้มว่าจะได้เจอใครบางคนเข้ามาในอนาคต แต่ยังไม่แน่ว่าความสัมพันธ์ จะเป็นในรูปแบบไหน ยังต้องรอกันไปก่อน แต่หากคุณชอบหรือสนใจใครอยู่คุณอาจจะต้องเป็นฝ่ายรุกบ้าง ถ้าหากอยู่เฉย ๆ ก็อยากที่จะรู้ ว่ามีโอกาสสมหวังมากน้อยแค่ไหน แต่ควรเข้าหาแบบช้า ๆ
The Empress,love_in_relationship,ในช่วงนี้ความสัมพันธ์ระหว่างคุณกับคนรักจะมีความอบอุ่นและแน่นแฟ้นเป็นอย่างดี หากคุณคบกันมาซักพักก็ จะมีการมองอนาคตร่วมกัน อยากที่จะสร้างครอบครัวด้วยกัน นอกจากนั้นในคนที่แต่งงานแล้วหากต้องการจะมีทายาทไปสืบสกุล ก็ถือว่า ระยะนี้เป็นช่วงเวลาที่เหมาะสมอีกด้วย
The Empress,career,ในระยะนี้การงานอาจจะไม่ค่อยมีอะไรเข้ามาท้าทายคุณนัก หากคุณทำตัวเรื่อย ๆ เฉื่อย ๆ ในเรื่องการงานอาจจะทำให้คุณหมดไฟได้ ดังนั้นควรมองหาอะไรที่เพิ่มประสบการณ์ในด้านต่าง ๆ ให้กับตัวของคุณเองด้วย ในคนที่ทำงานมานานจังหวะนี้จะมีโอกาสได้ก้าวหน้า ได้เลื่อนขั้นเลื่อนตำแหน่งสมใจ โดยเฉพาะหากเจ้านายเป็นผู้หญิงคุณอาจจะได้รับการสนับสนุนเป็นอย่างดี แต่ก็ต้องหมั่นเอาใจเจ้านายด้วย สำหรับคนที่ทำธุรกิจส่วนตัว คุณอาจจะรู้สึกได้ถึงความก้าวหน้าของกิจการที่ค่อย ๆ มีการขยับขยายตัวอย่างช้า ๆ แต่มีความมั่นคง ถ้าคุณทำกิจการมานานแล้วนั่นหมายถึงคุณอาจจะได้ฐานลูกค้าเพิ่มขึ้น หรือมียอดขายที่เพิ่มมากขึ้น แต่หากเพิ่งเริ่มต้นกิจการ คุณควรใจเย็นและอดทนรอคอยอย่างช้า ๆ ไปก่อน
The Empress,finance,ระวังการใช้จ่ายเงินของตัวคุณเองให้มาก เพราะระยะนี้คุณจะรู้สึกว่ามีอะไรที่อยากได้เต็มไปหมด ทำให้ตัดสินใจใช้จ่ายโดยไม่ใคร่ครวญให้รอบคอบ และอาจมานั่งเสียดายเงินทีหลัง โดยเฉพาะในผู้หญิงอาจมีค่าใช้จ่ายเกี่ยวกับเสื้อผ้า หรือของสวยงาม รวมถึงความฟุ่มเฟือยด้วยเช่นกัน เพราะคุณจะเริ่มรู้สึกว่าอยากให้ตัวเองดูดีมากกว่าเดิมนั่นเอง แต่หากเป็นผู้ชายอาจจะได้รับการสนับสนุนในด้านการเงินจากผู้ใหญ่เพศหญิง เป็นได้ทั้งแม่ คนรัก หรือเจ้านายให้โอกาสเรื่องการงาน ทำให้การเงินดีขึ้นก็ได้เช่นกัน ในคนทำธุรกิจส่วนตัวการเงินจะเริ่มดีขึ้นเล็กน้อยแต่อย่าเพิ่งประมาท หากรอคอยข่าวเรื่องการเงินก็มีแนวโน้มว่าจะได้รับเงินแน่นอน แต่จะมีความล่าช้าเกิดขึ้น
The Empress,health,"ระยะนี้ควรระวังความเครียดที่มากจนเกินไป หรือโรคที่เกี่ยวกับศีรษะ เช่น ไมเกรน , ปวดหัว รวมถึงอุบีติเหตุเล็ก ๆ น้อย ๆ เอาไว้ด้วย ในคนที่เจ็บป่วยหรือไม่สบายอยู่ จะมีอาการดีขึ้นกว่าเดิม โดยรวมถือว่าแข็งแรงขึ้น มีแนวโน้มว่าจะหายดีในไม่ช้า"
The Empress,personality,อ่อนโยนแต่ไม่อ่อนแอ ใจดี มีความเป็นแม่สูง ชอบดูแลเอาใจใส่ผู้อื่น รักความสะดวกสบายจนบางครั้งแอบขี้เกียจ แต่จะไม่หยุดทํางานจนกว่า จะมีเงินเยอะพอเพราะกลัวความลำบาก ซื้อของอะไรมักไม่ซื้อแค่หนึ่งชิ้น ต้องมีสำรองไว้ ช่วยเหลือคนเยอะ ปฏิเสธคนไม่ค่อยเป็น มักไม่ตกต่ำ มีเงินเข้ามาพอใช้อยู่เสมอ ถ้าเป็นผู้ชาย ส่วนมากจะมีนารีอุปถัมภ์
The Empress,education,ระวังการทำตัวตามสบายมากเกินไปในการเรียนอาจทำให้ผลการเรียนของคุณแย่ลงได้ ในระยะนี้คุณอาจจะรู้สึกว่าไม่ค่อยได้สนใจในเรื่องของการเรียนมากเท่าที่ควร ระวังมีปัญหากับผู้ใหญ่ในบ้านเพราะเรื่องนี้ด้วย แต่หากว่าคุณเรียนคณะหรือวิชาที่เกี่ยวกับศิลปะ หรือความคิดสร้างสรรค์ คุณจะสามารถทำเกรดได้ดีกว่าที่คาดคิดเอาไว้ อย่างไรก็ตามควรพยายามจริงจังให้มากกว่านี้ก็จะทำให้ผลการเรียนโดยรวมนั้นดีขึ้นมาได้ ถ้ามีการสอบอะไรในระยะนี้อย่าประมาท เพราะคุณอาจจะไม่ค่อยกังวล หรือคิดว่าเอาตามสบายมากจนเกินไป ซึ่งจะส่งผลเสียกับคุณมากกว่าผลดี
The Empress,luck,คุณอาจมีโชคเล็ก ๆ น้อย ๆ จากญาติผู้ใหญ่ที่เป็นเพศหญิง หรือหากมีเจ้านายผู้หญิงก็ถือว่าจะได้รับการสนับสนุนจากเจ้านายของตัวคุณเอง ในเรื่องโอกาสด้านการเสี่ยงโชค ยังพอมีลุ้นอยู่บ้างประมาณ 30%
The Emperor,love_single,คนโสดจะมีโอกาสพบรักกับผู้ชายที่อายุมากกว่าคุณหลายปี ซึ่งบุคลิกของเขาจะมีความเป็นผู้นำสูงมาก เรียกได้ว่าเป็นคนตรงไปตรงมากับ ความรู้สึก เขาอาจจะมาจีบคุณแบบตรงไปตรงมาและรุกเข้าหาคุณอย่างรวดเร็ว นอกจากนี้คุณอาจจะพบรักจากการเดินทางไปต่าง ประเทศ หรือพบรักกับคนต่างชาติก็ได้เช่นกัน
The Emperor,love_in_relationship,คุณจะมีความรู้สึกว่าคนรักไม่ค่อยเอาใจใส่คุณมากเท่าที่ควร และมักทำอะไรตามใจตัวเองหลาย ๆ อย่างทำให้คุณ เสียความรู้สึกคู่รักแนี้จำเป็นต้องใช้ควรู้สึกว่าคนรักไม่อายามาใจใส่คุณษาในท่าที่ควร และมักทำอะไรตามใจตัวเอง เรียกร้องอะไรมากเกินไปจะทำให้ความสัมพันธ์แย่ลงไปกว่านี้
The Emperor,career,ถ้าหากว่าคุณทำงานเกี่ยวข้องกับคนต่างชาติ หรือองค์กรที่ทำงานอยู่เป็นบริษัทต่างชาติ ก็ถือว่างานในระยะนี้จะราบรื่นดีไม่ค่อยมีปัญหามากนัก แต่ก็ต้องระวังความขัดแย้งกับเจ้านาย หรือผู้ใหญ่ในที่ทำงานไว้ด้วย คุณจะมีความรู้สึกว่าเหนื่อยหนักกับงานที่ทำอยู่ รวมถึงอาจมีความกดดันเข้ามาค่อนข้างเยอะ อย่างไรก็ตามไพ่ใบนี้จะบ่งบอกถึงการลุยไปข้างหน้า ไม่หนีปัญหาหรือเดินถอยหลัง ไม่ว่าจะเจอปัญหาหนักแค่ไหน หากคุณไม่ยอมแพ้ง่าย ๆ จะทำได้สำเร็จอย่างแน่นอน ในคนที่ทำงานของตัวเองยังต้องลุยและอดทนในการประคองธุรกิจไปเรื่อย ๆ โดยรวมยังถือว่าธุรกิจยังทรงตัวไปได้อยู่แต่อาจจะไม่มีกำไรเหลือมากนัก
The Emperor,finance,การเงินในระยะนี้ยังไม่ถึงขั้นดีมากนัก แต่ก็ยังสามารถควบคุมสถานการณ์ในเรื่องการเงินเอาไว้ได้อยู่ คุณอาจต้องลดการเข้าสังคมลงบ้างเพราะจะหมดเงินไปกับการสังสรรค์หรือการท่องเที่ยวค่อนข้างเยอะ ในบางคนอาจมีค่าใช้จ่ายเกี่ยวกับผู้ใหญ่ในบ้าน หรือการเดินทางไปต่างประเทศ หากไม่จำเป็นอย่าเพิ่งให้ใครหยิบยืมเงินในช่วงนี้เพราะว่านานกว่าจะได้คืน ในคนที่กำลังมีปัญหาเรื่องการเงินให้ลองปรึกษาผู้ใหญ่ที่คุณนับถือ คุณอาจได้รับความช่วยเหลือจากรุ่นพี่ หรือผู้ใหญ่ในบ้านของคุณ้อง คนที่ทำธุรกิจของตัวเองจะพอมีเงินเข้ามาหมุน แต่ต้องระวังค่าใช้จ่ายให้มาก เพราะอาจจะมีปัญหาหมุนเงินไม่ทันในภายหลังได้
The Emperor,health,"ระยะนี้ควรระวังความเครียดที่มากจนเกินไป หรือโรคที่เกี่ยวกับศีรษะ เช่น ไมเกรน , ปวดหัว รวมถึงอุบีติเหตุเล็ก ๆ น้อย ๆ เอาไว้ด้วย ในคนที่เจ็บป่วยหรือไม่สบายอยู่ จะมีอาการดีขึ้นกว่าเดิม โดยรวมถือว่าแข็งแรงขึ้น มีแนวโน้มว่าจะหายดีในไม่ช้า"
The Emperor,personality,รักความสมบูรณ์แบบ ชอบให้คนชื่นชม หน้าใหญ่ใจถึง เสียเงินไม่ว่าแต่จะเสียหนไม่ได้ มักเป็นคนมีอำนาจ พูดอะไรคนจะหยุดฟังมาตรฐานสูง ไม่ชอบให้คนมาขัดใจ ตัดสินใจอะไรได้เด็ดขาด รักเกียรติและศักดิ์ศรีของตนเอง มีความเป็นนักสู้ บุกลุย มีอีโก้สูง ขยัน ไม่ไว้ใจให้ใครมาทํางานของตนง่ายๆ เพราะกลัวคนอื่นทําพัง มีเหตุผลของตนเองและส่วนใหญ่เหตุผลนั้นจะถูกต้องเสมอ
The Emperor,education,ระยะนี้จะมีความรู้สึกเครียดและกดดันในเรื่องการเรียนพอสมควร อาจเป็นช่วงเวลาที่มีการบ้านหรือต้องทำรายงานค่อนข้างเยอะ ทำให้เหนื่อยมากกว่าปกติ หากมีวิชาที่เกี่ยวกับภาษาต่างประเทศคุณต้องระวังเป็นพิเศษ อาจไม่เข้าใจหรือเรียนไม่รู้เรื่องได้ ในคนที่มีสอบช่วงนี้ยังถือว่ามีการเตรียมตัวได้โอเคพอสมควร แต่หากอยากได้คะแนนที่ดีขึ้นก็จำเป็นต้องขยันให้มากขึ้นอีก เรียกง่าย ๆ ว่าหากอยากเรียนให้ประสบผลสำเร็จต้องพึ่งตัวเองล้วน ๆ อย่าไปหวังมั่วหรือไปรีบเตรียมตัวเอาตอนสุดท้ายเพราะจะไม่ทัน ในคนที่ต้องทำงานกลุ่มคุณอาจจะรู้สึกว่าเพื่อนในกลุ่มไม่ค่อยให้ความร่วมมือมากนัก หรือคุณเป็น Head หลักของกลุ่มทำให้ทำงานเยอะกว่าคนอื่น ๆ
The Emperor,luck,โดยรวมแล้วยังไม่ถือว่ามีโชคลาภเข้ามามากนัก แต่ก็ถือว่าจะได้รับความช่วยเหลือจากผู้ใหญ่ที่เป็นผู้ชาย ในด้านของการเสี่ยงโชค โอกาสมีไม่มากนักแต่ก็พอลองเสี่ยงได้ ประมาณ 30%
The Hierophant,love_single,ในคนโสดช่วงนี้จะยังไม่มีโอกาสในเรื่องของความรักเข้ามา หรืออาจจะมีคนเข้ามาในชีวิต แต่ยังไม่ดีมากพอ ดังนั้นอย่าเพิ่งใส่ใจกับเรื่อง ความรักมากนัก อยู่เป็นโสดไปก่อนอาจจะเหงาบ้างแต่ก็ทุกข์น้อยกว่า ส่วนคนที่แอบรักอยู่ความสัมพันธ์จะยังไม่ก้าวหน้าเท่าไร ต้องใช้ เวลาในการเรียนรู้กันไปอย่างช้า ๆ
The Hierophant,love_in_relationship,คุณอาจมีการเปิดใจพูดคุยกันแบบตรงไปตรงมา และควรใช้เหตุผลมากกว่าอารมณ์ คุณอาจจะมีคนรักที่อายุ มากกว่า หรือนิสัยผู้ใหญ่กว่าคุณ ดังนั้นต้องอดทนไว้บ้างเวลาเค้าบ่นหรือสอนคุณ ในคู่ที่คบกันมานานอาจจะมีการพูดคุยกันเกี่ยวกับ อนาคตระหว่างพวกคุณว่าจะเอายังไงกันต่อไป
The Hierophant,career,"คุณจะมีความต้องการที่จะเติบโตและก้าวหน้าในสายอาชีพที่คุณทำอยู่ เรียกได้ว่าระยะนี้จะมีความมุ่งมั่นและมั่นใจเกินร้อย จนคนอื่น ๆ อาจจะหมั่นไส้คุณได้ หากทำงานมานานจะมีโอกาสได้เลื่อนขั้นถ้าคุณมีผลงานโดดเด่น หรือมีการปรับปรุงตัวเองให้ดีขึ้น เช่น ไปเรียนต่อ, ลงเรียนภาษาต่างประเทศเพิ่ม เป็นต้น แต่หากคุณไม่ได้มีทักษะอะไรเพิ่มเติมเลยก็ต้องทำใจว่าระยะนี้อาจจะยังไม่มีความก้าวหน้าเด่นชัดนัก คือทำงานเรื่อย ๆ เปื่อย ๆ ไปก่อน สำหรับคนที่มองหางานใหม่คุณยังพอมีลุ้นอยู่บ้างเหมือนกัน แต่อาจจะโดนต่อรองเรื่องเงินเดือนทำให้ยากจะตัดสินใจว่าควรย้ายงานดีหรือไม่"
The Hierophant,finance,เป็นช่วงที่มีความมุ่งมั่นและต้องการอนาคตที่เป็นจริงเป็นจัง หากที่ผ่านมาคุณใช้จ่ายเงินตามสบายก็จะเริ่มวิตกกังวลเกี่ยวกับอนาคตทางด้านการเงินของคุณ มีความคิดที่อยากจะลงทุน หรือหาวิธีทำให้เงินที่มีอยู่งอกเงยเพิ่มขึ้น ในคนทำงานประจำคุณจะเริ่มประหยัดกว่าแต่ก่อน และมีความต้องการที่จะหาเงินให้ได้เพิ่มขึ้นกว่านี้ สำหรับคนทำธุรกิจส่วนตัวคุณอาจจะต้องจัดการเกี่ยวกับระบบการเงินของบริษัท ก็จะช่วยให้การเงินในองค์กรคล่องตัวมากขึ้นได้เช่นกัน นอกจากนี้การเงินโดยรวม ๆ ก็ยังถือว่าไม่ได้ติดขัดอะไร เรียกว่าจังหวะนี้ค่อนข้างมีเงินเข้ามาให้หมุนอย่างลื่นไหลด้วยซ้ำไป
The Hierophant,health,ควรระวังโรคที่เกี่ยวกับคอเป็นหลัก เช่น อาการเจ็บคอ คอเคล็ด หรือหลอดลมอักเสบ นอกจากนั้นการทานน้ำน้อยจนเกินไปหรือทำงานหนักก็ส่งผลให้ป่วยเรื้อรังได้เช่นกัน ดังนั้นควรดูแลสุขภาพให้ดีด้วย ในคนที่ป่วยอยู่ควรหาเวลาไปพบแพทย์ และปรับพฤติกรรมการใช้ชีวิตใหม่ หากป่วยเรื้อรังอยู่อาการจะดีขึ้นบ้างแต่ยังไม่ถึงกับหายดี 100%
The Hierophant,personality,มักทําอะไรตามระเบียบแบบแผน เคารพกฎเกณฑ์ มีวินัย เป็นคนเสมอต้นเสมอปลาย รักความสะดวกสบาย ละเอียดรอบคอบ บางมุมจะดูหัวโบราณและขี้จุกจิก บุคลิกเคร่งขรึมหรือรักสันโดษ ชอบค้นคว้าหาข้อมูล ใจบุญ ใจกุศล มีความเมตตากรุณา ใจกว้าง ชอบทําอะไรซ้ำๆ เดิมๆ เกลียดปัญหา การทะเลาะเบาะแว้ง คิดเยอะ จึงไม่รับปากใครง่ายๆ เน้นทําอะไรที่ถูกต้องปลอดภัยไม่เสี่ยง ระมัดระวังสูง
The Hierophant,education,คุณจะรู้สึกว่าตัวคุณเองมีความมุ่งมั่นที่อยากจะพัฒนาความรู้ของคุณให้มากขึ้นไปกว่านี้ โดยเฉพาะหากที่ผ่าน ๆ มาคุณไม่ได้ใส่ใจกับการเรียนมากเท่าที่ควร คุณจะมีความคิดในเรื่องการปรับปรุงตัวเองให้ขยันและตั้งใจเรียนมากขึ้น โดยรวมแล้วจะเป็นช่วงเวลาที่คุณตั้งใจเรียนมากเป็นพิเศษ ซึ่งจะส่งผลให้การเรียนของคุณมีการพัฒนาขึ้นอย่างช้า ๆ ถ้าหากว่าพื้นฐานนิสัยคุณไม่ใช่คนที่อดทนมากนัก ต้องระวังจะขยันได้แป๊ป ๆ แล้วกลับไปขี้เกียจอีก หากมีการสอบอะไรก็ตามในช่วงนี้จะถือว่ามีลุ้นมากพอสมควร ผลการเรียนอยู่ในระดับที่พึงพอใจ แต่ทั้งนี้ทั้งนั้นตัวคุณต้องเอาจริงเอาจังกับการเรียนด้วย ในคนที่เรียนจบปริญญาตรีแล้ว คุณอาจมีความคิดที่จะเรียนต่อปริญญาโท หรือเรียนไปจนถึงปริญญาเอก
The Hierophant,luck,ระยะนี้ดวงของคุณจะยังไม่มีโชคลาภมากนัก แต่ควรไปทำบุญเสริมดวงก็จะช่วยให้ชีวิตราบรื่นขึ้นได้ หากถามถึงการเสี่ยงโชคไพ่ใบนี้ไม่ค่อยให้ผลในด้านนี้เท่าไรนัก โอกาสเสี่ยงประมาณ 20%
The Lovers,love_single,หากว่าคุณยังโสดจะมีเกณฑ์ได้พบรักครั้งใหม่ได้พบกับคนที่มีเสน่ห์น่าหลงใหลอย่างมาก ยากที่จะหักห้ามใจได้ นอกจากนี้การพบกันก็เจอ กันท่ามกลางบรรยากาศที่สดชื่น มีโอกาสพัฒนาความสัมพันธ์กันอีกด้วย หรือคุณอาจอยู่ในสถานการณ์ที่ต้องเลือกว่าจะคบใครดี เป็นช่วง เวลาที่มีเสน่ห์ต่อเพศตรงข้าม
The Lovers,love_in_relationship,เป็นช่วงเวลาที่เต็มไปด้วยความชื่นมื้น รู้สึกมีความสุขใจอย่างบอกไม่ถูก หากคุณเพิ่งคบหากันไม่นานจะอยู่ในช่วงสุ่มหลังกันอย่างมากอะไรๆ คือดีไปหมด แต่ในระยะยาวยังจำเป็นต้องศึกษานิสัยใจคอกันอีกเยอะ หากคบกันมานานแล้วในระยะนี้คนรักจะเอาใจใส่คุณดี ทำให้ความสัมพันธ์หวานชื่นขึ้นมากกว่าเดิม
The Lovers,career,จะมีสถานการณ์บางอย่างเข้ามาให้คุณต้องตัดสินใจในเรื่องการงาน หรือมีข้อเสนอที่มากกว่า 1 อย่างในการทำงานของคุณ หากหางานอยู่มีเกณฑ์จะได้งานใหม่เข้ามาเหมือนกัน แต่โอกาสยังไม่เต็มร้อยนัก ยังต้องลุ้นกันไปก่อน คุณจะรู้สึกว่าได้เรียนรู้อะไรใหม่ ๆ ในเรื่องงานทำให้คุณไม่ค่อยเบื่อมากนักในช่วงนี้ ในคนทำธุรกิจส่วนตัวจะมีลู่ทางที่ดีที่ทำให้กิจการของคุณเป็นที่รู้จักมากขึ้น นอกจากนี้คุณอาจมีความคิดที่จะร่วมหุ้นลงทุนทำธุรกิจบางอย่างกับเพื่อนฝูงของคุณก็ได้เช่นกัน หรือบางคนอาจกำลังมองหาพันธมิตรทางธุรกิจ ซึ่งการทำธุรกิจกับหุ้นส่วนในระยะนี้ถือว่าเป็นจังหวะที่ดีพอใช้
The Lovers,finance,การเงินในระยะนี้ส่วนมากมักจะเป็นในลักษณะเข้ามือซ้าย-จ่ายมือขวาตลอด ถึงคุณพยายามจะประหยัดก็มักจะมีเรื่องเข้ามาให้ใช้จ่ายตลอด โดยเฉพาะหากคุณเป็นคนชอบเข้าสังคม พบปะผู้คนใหม่ ๆ ก็ยิ่งทำให้รายจ่ายของคุณเพิ่มขึ้นไปอีก หากคิดจะประหยัดต้องพยายามลดการสังสรรค์ดูบ้างก็อาจพอช่วยได้ นอกจากนี้คุณมักจะเสียเงินไปกับเสื้อผ้า หรือเครื่องประดับมากเป็นพิเศษด้วย ในคนที่ทำงานประจำอาจจะหารายได้เพิ่มยากซักหน่อย แต่หากคุณมีงานเสริมก็จะถือว่ามีรายได้จากงานเสริมเข้ามาประปราย ทำให้ไม่รู้สึกว่าเงินตึงมากเท่าไรนัก สำหรับคนทำงานส่วนตัวการเงินยังไม่ค่อยเสถียรมากนัก ดังนั้นควรมีเงินสำรองไว้ในธุรกิจด้วย
The Lovers,health,ระยะนี้สุขภาพโดยรวมยังไม่มีอะไรน่าเป็นห่วงมากนัก เพียงแต่ควรระวังการปวดเมื่อย หรือบาดเจ็บเล็กน้อยบริเวณช่วงหัวไหล่ หรือต้นแขน อาจมีการเคล็ดขัดยอกได้ ในคนที่เจ็บป่วยอยู่อาการยังไม่ดีขึ้นแต่อยู่ในช่วงทรงตัว ดังนั้นควรดูแลร่างกายให้มาก ๆ
The Lovers,personality,ช่างฝัน ช่างจินตนาการ เป็นคนมี energy สูง พลังงานล้นเหลือ แต่ต้องให้คนคอยกระตุ้น มีเสน่ห์ เพื่อนเยอะ ชอบเข้าสังคม ไม่ชอบอยู่คนเดียว มีความเป็นมิตรสูง ทำให้คนอื่นรู้สึกเอ็นดูหรือหลงรักได้ง่ายๆ ขี้เกรงใจจนบางครั้งอาจทำให้ไม่เป็นตัวเอง ไม่ค่อยขัดแย้ง เปิดกว้างรับมิตรภาพและความรักเสมอ ทำให้ดูเป็นคนเจ้าชู้ ใช้เงินตามอารมณ์ เก็บเงินไม่ค่อยอยู่ มักไม่ชอบปิดบังอะไร เป็นคนเปิดเผย
The Lovers,education,การเรียนในช่วงนี้ของคุณยังไม่ถือว่าดีมากนัก แต่ก็อยู่ในเกณฑ์ที่ถือว่าพอใช้ได้ ระยะนี้อารมณ์ของคุณจะขึ้น ๆ ลง ๆ เอาแน่เอานอนไม่ได้ มีความรู้สึกขยันเรียนเป็นพัก ๆ พอผ่านไปไม่นานก็เริ่มขี้เกียจ ดังนั้นต้องระวังการสมาธิสั้นในเรื่องเรียนด้วย ในบางคนอาจอยู่ในสถานการณ์ที่ต้องเลือกระหว่างอย่างใดอย่างหนึ่ง เช่น เลือกว่าจะเรียนคณะไหน หรือสาขาวิชาไหน หรืออาจเลือกที่จะย้ายที่เรียนดีไหม เป็นต้น ในการตัดสินใจเลือกควรพิจารณาให้รอบคอบด้วย ไม่เช่นนั้นอาจจะมานั่งเสียใจทีหลัง หากมีการสอบในช่วงนี้ถือว่ามีเกณฑ์ที่จะสอบผ่านแบบฉิวเฉียด
The Lovers,luck,ช่วงนี้อาจมีโชคลาภเล็ก ๆ น้อย ๆ จากเพื่อนฝูงของคุณ หรือจากคนรักของคุณเอง ในด้านของการเสี่ยงโชคยังพอมีโอกาสเสี่ยงได้บ้าง ประมาณ 50%
The Chariot,love_single,คุณจะรู้สึกเหนื่อยกับหลายอย่างรอบตัวจนไม่มีเวลาหาความรัก แต่ก็ใช่ว่าจะไม่มีโอกาสพบรักซะเลย ในคนที่ยังโสดหากมีการท่องเที่ยว เดินทางก็อาจจะทำให้พบรักได้เหมือนกัน แต่หากว่าไปชอบใครอยู่ก็ต้องลุยเข้าไปจีบถึงจะพอมีลุ้น ถ้าไม่ทำอะไรเลยรับรองว่าชวดแน่ ๆ
The Chariot,love_in_relationship,ต้องระวังการมีปากเสียงหรือทะเลาะกัน ะเลาะกัน ช่วงนี้คุณอาจต้องทำใจว่าคนรักค่อนข้างจะเอาแต่ใจและพยายามจะ เอาชนะคุณ ในบางคนอาจจะรู้สึกว่าคนรักจุกจิกกับคนมากจนน่ารำคาญ ดังนั้นควรใจเย็นและอย่าเก็บเรื่องเล็ก ๆ น้อย ๆ มาคิดให้ปวดหัว จะดีกว่า
The Chariot,career,สถานการณ์เรื่องการงานระยะนี้อาจจะมีปัญหาเข้ามาหลายอย่าง ทำให้คุณปวดหัวและรู้สึกหมดแรงเอาได้ง่าย ๆ หากต้องมีการติดต่องานทั้งกับคนในองค์กร หรือคนนอกองค์กร คุณควรระมัดระวังเรื่องอารมณ์ของคุณให้มากเพราะจะก่อให้เกิดปัญหากับคนรอบข้าง รวมถึงโดนมองในแง่ลบได้ ในบางคนจะรู้สึกว่างานล้นมือจนทำไม่ทัน เรียกว่าเป็นช่วงวุ่นวายเรื่องงานพอสมควร แต่อย่างไรก็ตามหากว่าคุณอดทนได้มากพอก็จะผ่านพ้นปัญหาต่าง ๆ ไปได้เอง และจะทำให้คุณเก่งขึ้นด้วย สำหรับคนทำธุรกิจส่วนตัวยังต้องฝ่าฟันอุปสรรคอีกเยอะ รวมถึงคู่แข่งทางธุรกิจที่มีเพิ่มมากขึ้นอีกด้วย
The Chariot,finance,คุณจะมีความรู้สึกเหนื่อยล้า และมองว่ากว่าจะได้เงินมานั้นช่างยากลำบาก ในระยะนี้คุณจะยังมีความสามารถที่จะหาเงินมาใช้จ่ายได้ทันอยู่แต่จะรู้สึกเหมือนคุณต้องทำงานอย่างหนัก ถึงจะได้เงินเข้ามา อย่างไรก็ตามโดยรวมแล้วจะมีเงินแค่พอใช้แต่ไม่ได้มีให้ฟุ่มเฟือย ดังนั้นอย่าเพิ่งใช้จ่ายหรือเพิ่มค่าใช้จ่ายในส่วนที่ไม่จำเป็น ควรสำรองเงินไว้ก่อนก็จะดีกว่า ในคนที่ทำธุรกิจส่วนตัวยังต้องเหน็ดเหนื่อย ต้องตามทวงเงินลูกค้ากันจนเบื่อ แต่ก็มีโอกาสสำเร็จ หากคิดจะลงทุนอะไรช่วงนี้ควรรอเวลาไปก่อนเพราะมีโอกาสเงินจม หรือลงทุนไปนานกว่าจะได้ผลตอบแทนคืนกลับมา
The Chariot,health,สุขภาพควรไปตรวจเช็คบ้างเพราะอาจเจ็บป่วยไม่สบายได้แบบไม่รู้เนื้อรู้ตัว หรืออาจมีอุบัติเหตุเล็ก ๆ น้อย ๆ เกิดขึ้นได้จึงต้องระมัดระวังให้มาก ในคนที่เจ็บป่วยอยู่ยังต้องดูอาการกันไปก่อนเพราะมีโอกาสทรุดตัวได้อีก ยังถือว่าไม่หายดีซะทีเดียวs
The Chariot,personality,นิสัยสู้คน ไม่เกรงกลัวและไม่ยอมใคร ชอบการเดินทาง รักรถ มักจะเดินทางบ่อยหรืออยู่ห่างไกลครอบครัว มีความรับผิดชอบและความอดทนสูง รับแรงกดดันได้ ทำสิ่งใดจะมุมานะทำจนสำเร็จ ชื่อสัตย์ต่องานและเพื่อนพ้อง อารมณ์แปรปรวน โกรธง่ายหายเร็ว บ้างาน ตัดสินใจเร็ว ทำอะไรคล่องแคล่วว่องไว
The Chariot,education,โดยรวมแล้วคุณจำเป็นต้องขยันเรียนให้มากกว่านี้ คุณอาจจะรู้สึกเหนื่อยหรือขี้เกียจ แต่ไพ่ใบนี้มักบ่งบอกถึงความสำเร็จที่ได้มาจากความพยายามของตัวเองล้วน ๆ พึ่งพาใครไม่ค่อยได้ และไม่ค่อยมีคนให้ความช่วยเหลือมากนัก ดังนั้นหากว่าคุณมุ่งมั่นกับการเรียนมากกว่าเดิม ผลลัพธ์ที่ออกมาจะทำให้คุณรู้สึกภูมิใจอย่างแน่นอน ในคนที่ทำงานกลุ่มต้องระวังมีปัญหาภายในกลุ่มด้วย ดังนั้นควรใจเย็น ๆ และอย่าใช้อารมณ์เพราะจะทำให้ปัญหายิ่งบานปลาย หากมีการสอบแข่งขันอะไรก็ตามในช่วงนี้ยังถือว่ามีเกณฑ์ชนะ หรือประสบผลสำเร็จ แต่ต้องแลกมากับความพยายามอย่างหนักนั่นเอง
The Chariot,luck,ในเรื่องของโชคลาภนั้นถือว่าไม่ค่อยมีเข้ามา อยากได้อะไรต้องพึ่งความพยายามของตัวเองเท่านั้นจึงจะสำเร็จ ในเรื่องของการเสี่ยงโชคไม่ค่อยมีโอกาสมากนัก ประมาณ 20%
Strength,love_single,ในสาวโสด คุณจะรู้สึกว่าตัวคุณเองมีศักดิ์ศรี และไม่อยากยอมใครง่าย ๆ ดังนั้นในบางคนอาจเลือกที่จะโสดมากกว่าที่จะดิ้นรนหาแฟน เพราะคุณไม่ต้องการเปลี่ยนแปลงตัวเองเพื่อใครนั่นเอง สำหรับคนที่แอบรักใครอยู่อาจจะยังไม่เห็นโอกาสที่จะสมหวัง หากตัดใจไปได้จะดี กว่าเพราะถ้ารออาจจะต้องรอนานมากเลยทีเดียว
Strength,love_in_relationship,ต้องระวังการขัดแย้งกันเพราะคุณมักจะไม่ค่อยยอมคนรัก หรืออาจจะข่มคนรักมากจนเกินไปอีกด้วย แต่ส่วนมาก แล้วไพ่ใบนี้มักจะดีสำหรับผู้หญิง เพราะฝ่ายชายมักจะต้องยอมคุณนั่นเอง (เนื่องจากคุณไม่ยอมเขาเลย ศักดิ์ศรีเยอะจัด)
Strength,career,ในช่วงนี้จะมีโอกาสได้แสดงความสามารถในที่ทำงาน ได้รับมอบหมายงานในรูปแบบใหม่ ๆ ซึ่งจะเป็นงานที่คุณรู้สึกว่ามันยากสำหรับคุณ แต่ถ้าหากคุณทำสำเร็จก็จะทำให้คุณได้รับประสบการณ์หลายอย่างที่มีค่ามากทีเดียว ระวังปัญหาความขัดแย้งกับเพื่อนร่วมงานหรือเจ้านายที่เป็นผู้หญิง ดังนั้นต้องระวังการแสดงออกของตัวคุณเองด้วย อย่ามั่นใจในตัวเองมากจนเกินไปเพราะจะทำให้โดนมองว่าหัวแข็ง หรือไม่ฟังคนอื่นได้ ส่วนคนที่ทำงานส่วนตัวจะเป็นช่วงเวลาที่ยากลำบากพอสมควร สถานการณ์ในธุรกิจไม่สู้ดีนัก แต่หากไม่ถอดใจง่าย ๆ สิ่งต่าง ๆ จะคลี่คลายไปในทิศทางที่ดีขึ้นแน่นอน
Strength,finance,เป็นช่วงเวลาที่เงินสะพัด และมีรายจ่ายค่อนข้างมาก คุณจะรู้สึกถึงภาวะเงินขาดมือได้ดังนั้นอย่าประมาทในการใช้เงินเป็นอันขาด หลายคนอาจมีเรื่องเสียเงินกับสุขภาพ รวมไปถึงข้างของฟุ่มเฟือยอีกด้วย นอกจากนี้ยังต้องระวังความหน้าใหญ่ของตัวคุณให้มาก เพราะอาจจะใจป้ำใช้เลี้ยงเพื่อนฝูงจนทำให้ตัวเองเดือดร้อนได้ คนที่ทำธุรกิจส่วนตัวระยะนี้ยังต้องประคองสถานการณ์ด้านการเงินของบริษัทให้ดี เพราะอาจจะหาเงินได้ยากกว่าปกติ ในคนที่มีความคิดอยากลงทุน ไม่ว่าจะเล่นหุ้น หรือเพิ่มทุนในธุรกิจที่ทำอยู่ ควรชะลอไปก่อนจะดีกว่า
Strength,health,โดยรวมแล้วสุขภาพของคุณยังถือว่าอยู่ในเกณฑ์ดี ยังไม่มีปัญหาเจ็บป่วยมากนัก แต่ต้องระวังเรื่องการใช้สายตาบ้าง อาจมีอาการปวดตาได้ โดยเฉพาะคนที่ทำงานที่ต้องจ้องคอมพิวเตอร์บ่อย ๆ สำหรับคนที่เจ็บป่วยไม่สบายอยู่ จะมีแนวโน้มที่จะหายป่วยในเร็ววันนี้
Strength,personality,มีความเชื่อมั่นในตนเองสูง อ่อนโยน กล้าหาญ แข็งแรง ทำอะไรเอาจริงเอาจัง ทำงานเก่ง หาเงินเก่ง มีเงินเข้าออกตลอดเวลา แต่ก็ใช้เงินเก่งเช่นกัน มักจะหมดเงินไปกับการดูแลตนเองหรือซื้อของที่ชอบ เป็นคนรสนิยมสูง ไม่ปล่อยให้ตนเองโทรมเด็ดขาด บางครั้งจะดูเรื่องมากและเจ้ากี้เจ้าการในสายตาผู้อื่น เพราะมีนิสัยช่างเลือก ช่างควบคุม ชอบความเป๊ะ
Strength,education,เป็นช่วงเวลาที่เหน็ดเหนื่อยและต้องอดทนเป็นพิเศษ คุณจะรู้สึกว่าการเรียนช่วงนี้นั้นยากมากกว่าปกติ และมีความกังวลใจว่าผลการเรียนจะย่ำแย่ลงได้ แต่อย่างไรก็ตามหากคุณมีความมุ่งมั่นมากพอก็จะสามารถผ่านมันไปได้อย่างแน่นอน ถ้าคุณมีโอกาสลองให้เพื่อนรุ่นพี่แนะนำเรื่องเรียนให้ก็จะเป็นประโยชน์กับตัวคุณเอง นอกจากนั้นอาจได้รับคำแนะนำที่เป็นประโยชน์จากผู้หญิงที่อายุมากกว่า อาจเป็นรุ่นพี่ผู้หญิง หรืออาจารย์ผู้หญิงก็ได้เช่นกัน ในการทำงานกลุ่มอย่ามั่นใจในตัวเองมากจนเกินไปเพราะจะทำให้โดนหมั่นไส้ได้ ถ้ามีการสอบอะไรในระยะนี้ต้องขยันมากกว่าที่เคยถึงจะประสบผลสำเร็จ
Strength,luck,ในเรื่องโชคลาภนั้นยังไม่เด่นชัดมากนัก ดังนั้นอย่าเพิ่งไปคาดหวัง ส่วนโอกาสในด้านการเสี่ยงโชคยังพอมีลุ้นบ้าง คิดโดยเฉลี่ยแล้วประมาณ 30-40%
The Hermit,love_single,ระยะนี้จะเป็นช่วงเวลาแห่งความเงียบเหงาและอ้างว้างอย่างมาก คุณจะรู้สึกเศร้าใจอยู่ลึก ๆ ที่ต้องอยู่อย่างโดดเดี่ยว แต่ก็ไม่ได้แสดงออก ให้คนอื่นรับรู้ในเรื่องความรักหากแอบชอบใครมานาน จะเริ่มเป็นช่วงที่คุณปลงกับทุก ๆ อย่าง รวมถึงไม่อยากทุ่มเทอะไรเพื่ออีกฝ่ายอีก ต่อไป
The Hermit,love_in_relationship,มีช่องว่างในความสัมพันธ์ระหว่างคุณกับคนรัก อาจเรียกได้ว่าเป็นช่วงที่แม้จะมีคนรัก แต่ก็เหมือนไม่มี เพราะคน รักมักจะทิ้งให้คนอยู่โดดเดี่ยวตลอด หรืออาจไม่มีเวลาให้คุณเลย บางกรณีอาจหมายถึงคนที่มีคนรักแก่กว่า หรือนิสัยเป็นผู้ใหญ่กว่าก็ได้ เหมือนกัน
The Hermit,career,ในเรื่องงานคุณจะมีอารมณ์เบื่องานเป็นพัก ๆ ส่วนมากงานที่คุณรับผิดชอบนั้นมักจะหาคนเข้ามาช่วยเหลือไม่ค่อยได้ หรือต้องรับบทหนักทำอยู่คนเดียว ระวังการขัดแย้งกับคนในที่ทำงานไว้ด้วย ระยะนี้ควรอยู่เฉย ๆ อย่าไปยุ่งวุ่นวายกับใครมากนักจะดีกว่า นอกจากนั้นอาจจะโดนผู้ใหญ่ในที่ทำงานเข้ามาจุกจิกกับคุณ ต้องอดทนให้มาก ใครที่คิดว่าอยากจะลาออกในระยะนี้ ต้องทำใจว่าหากคุณไม่มีรายได้เสริม หรือความสามารถพิเศษอื่น ๆ คุณอาจตกงานได้นานกว่าที่คิดเอาไว้ สำหรับคนที่ทำงานของตัวเอง หรือทำธุรกิจส่วนตัว ระยะนี้บรรยากาศในงานจะเงียบเหงา ไม่ค่อยมีลูกค้ามากนัก แต่ก็ยังไม่ถึงขั้นเจ๊ง
The Hermit,finance,สถานการณ์ด้านการเงินของคุณนั้นจะยังถือว่าไม่ราบรื่นมากนัก มักมีอุปสรรคเล็ก ๆ น้อย ๆ หรือรายจ่ายหยุมหยิมเข้ามาทำให้เงินที่ควรจะได้นั้นล่าช้าออกไปอีก อย่างไรก็ตามหากรอบคอบเก็บเงินไว้ตั้งแต่เนิ่น ๆ ก็สามารถจะแก้ไขสถานการณ์เฉพาะหน้าไปได้ อาจจะมีข่าวเรื่องการเงินเข้ามา แต่ก็ต้องรอนานพอสมควรกว่าจะได้ตามที่ตกลงกันไว้ คนที่ทำธุรกิจส่วนตัวอย่าเพิ่งขยับขยายหรือคาดหวังผลกำไรในช่วงนี้ ควรประคองสถานการณ์ที่เป็นอยู่ไปซักระยะหนึ่งก่อนจะดีกว่า ถ้ามีโอกาสได้ไปวัดทำบุญก็จะดีมาก เพราะจะช่วยเสริมดวงการเงินของคุณได้
The Hermit,health,สุขภาพในระยะนี้ต้องระวังการพักผ่อนไม่เพียงพอ อาจทำให้เกิดโรคที่เกี่ยวกับกระเพาะอาหาร หรือมีอาการปวดท้องได้ หากเคยเป็นโรคกระเพาะมาก่อนต้องระวังเพราะมีโอกาสกำเริบได้อีก คนที่เจ็บป่วยอยู่ในระยะนี้อย่าเพิ่งฝืนร่างกายมากนัก ควรพักผ่อนและดูแลตัวเองให้ดีเพราะมีแนวโน้มว่าจะหายป่วยช้า
The Hermit,personality,เป็นคนสุขุม ช่างสังเกต มักปิดทองหลังพระ ขี้ระแวง ระมัดระวัง ตนเองและรอบคอบอยู่เสมอ ชอบอะไรที่ค่อยเป็นค่อยไป ไม่ชอบการเปลี่ยนแปลงกระทันหัน ทำอะไรมักทำอย่างช้าๆ รักสันโดษ อยู่คนเดียว ได้อย่างสบาย มีระเบียบเรียบร้อย ใช้เงินอย่างประหยัด ให้คุณค่ากับภายในมากกว่าภายนอก เป็นที่ปรึกษาปัญหาให้แก่คนอื่นได้ดีและไม่เคยเอาเปรียบใคร
The Hermit,education,ระยะนี้คุณอาจจะต้องขยันเพิ่มขึ้นซักหน่อย เพราะมีโอกาสที่ผลการเรียนจะแย่ลงได้เหมือนกัน คุณอาจจะเริ่มหาเวลาทบทวนบทเรียนให้ตัวเอง ก็เป็นทางเลือกที่ดีที่จะทำให้ผลการเรียนของคุณก้าวหน้าขึ้น หากมีงานกลุ่ม หรืองานที่ต้องใช้เวลาทำค่อนข้างนาน ก็มีแนวโน้มว่าคุณอาจจะเป็นคนหลัก ๆ ที่ต้องรับผิดชอบ ดังนั้นอย่าเพิ่งท้อแท้ใจไปก่อน เพราะยิ่งทำมากกว่าคนอื่น คุณก็จะได้ความรู้มากกว่าคนอื่น ๆ นั่นเอง ในคนที่เรียนจบแล้ว อาจมีการวางแผนชีวิตว่าจะเรียนต่อ ซึ่งก็มีแนวโน้มค่อนข้างสูงว่าจะได้เรียนต่อตามที่ได้ตั้งใจเอาไว้
The Hermit,luck,ดวงเรื่องโชคลาภยังไม่ค่อยมีเข้ามานัก หากได้ไปกราบไหว้สิ่งศักดิ์สิทธิ์ ก็อาจจะทำให้มีโชคเข้ามาได้ ในด้านการเสี่ยงต่าง ๆ โอกาสได้ค่อนข้างน้อย ประมาณไม่เกิน 20%
Wheel of Fortune,love_single,ในคนโสดไฟใบนี้อาจจะไม่ค่อยให้โชคในด้านความรักมากเท่าไรนัก เพราะมักจะให้โชคด้านการงาน และการเงินมากกว่า แต่ก็ยังถือว่า คุณมีโอกาสจะพบรักถ้าหากมีการเข้าสังคม หรือพบปะผู้คนใหม่ ๆ บ้าง ในคนที่แอบชอบใครอยู่ความสัมพันธ์จะยังไม่ก้าวหน้ามากนัก หรือมองหาความสนใจที่คล้าย ๆ กัน ก็อาจทำให้ความสัมพันธ์ก้าวหน้าขึ้นได้
Wheel of Fortune,love_in_relationship,เป็นช่วงที่อาจจะไม่ค่อยมีเวลาเป็นส่วนตัวนักในคู่ของคุณ แต่ก็ยังถือว่าความสัมพันธ์มีความก้าวหน้าเกิดขึ้น คุณ อาจได้เรียนรู้นิสัยใจคอบางอย่างของคนรัก ซึ่งทำให้คุณมีความเข้าใจในตัวคนรักมากขึ้นกว่าเดิม หากก่อนหน้านี้คุณมีปัญหาทะเลาะกัน มาก่อน ก็จะมีโอกาสกลับมาคืนดีกัน กลับมาคบกันได้อีกครั้ง
Wheel of Fortune,career,จะมีความก้าวหน้าในด้านการงานเกิดขึ้น อาจมีการเลื่อนขั้นเลื่อนตำแหน่ง ได้รับมอบหมายงานใหม่ ๆ ที่ช่วยให้คุณมีประสบการณ์ในสายงานที่ตัวคุณกำลังทำอยู่ หากใครที่รอโอกาสในเรื่องการงานถือว่าเป็นจังหวะที่ดีสำหรับคุณ ควรมุ่งมั่นทำงานที่อยู่ในความรับผิดชอบให้เต็มที่ รวมถึงพยายาม Present ผลงานให้คนอื่น ๆ เห็นด้วย นอกจากนั้นอาจหมายถึงงานในช่วงนี้ต้องมีการเดินทางออกนอกสถานที่ หรือมีการอบรม สัมมนาเพื่อเพิ่มพูนทักษะให้กับตัวของคุณเอง ในคนทำธุรกิจส่วนตัวจะถือว่ามีการขยับขยายในเรื่องของกิจการ อาจเป็นที่ยอมรับหรือมีคนรู้จักมากยิ่งขึ้น เรียกได้ว่าเป็นช่วงขาขึ้นของคุณอย่างแท้จริง ดังนั้นควรรีบคว้าโอกาสตรงนี้เอาไว้เพราะโอกาสดี ๆ ไม่ได้มีเข้ามาบ่อยนัก
Wheel of Fortune,finance,คุณจะมีโอกาสในด้านการเงินเข้ามาในชีวิต อาจจะเป็นโอกาสด้านการงานเข้ามาก่อน แล้วส่งผลให้การเงินของคุณดีขึ้นด้วย หากในอดีตคุณมีปัญหาในด้านการเงินมาก่อน มีแนวโน้มว่าปัญหาเหล่านั้นจะค่อย ๆ คลี่คลาย และมีเงินเข้ามาให้หมุนแบบฟลุ๊ค ๆ แต่สิ่งที่ต้องระวังคือคุณอาจหมดเปลืองไปกับค่าใช้จ่ายในการสังสรรค์ในแวดวงเพื่อนฝูง ดังนั้นควรรอบคอบในการใช้เงินเอาไว้ด้วย สำหรับคนที่ทำธุรกิจของตัวเอง คุณจะมีรายได้จากการทำธุรกิจเพิ่มขึ้นทำให้คุณรู้สึกพึงพอใจอย่างมาก นอกจากนี้ถ้าหากว่าคุณมีความคิดที่จะลงทุนเพิ่มในกิจการ หรือลงทุนในทรัพย์สินอะไรก็ตาม ยังถือว่าเงินลงทุนมีโอกาสจะงอกเงยอยู่ แต่คุณควรศึกษาข้อมูลให้ดีเสียก่อน
Wheel of Fortune,health,โดยรวมแล้วสุขภาพของคุณในระยะนี้ถือว่าแข็งแรงพอสมควร แต่ต้องระวังการตากแดดตากลมมากจนเกินไป หรืออาจมีการเดินทางไปต่างที่ต่างถิ่นบ่อยทำให้ไม่สบายได้เหมือนกัน สำหรับคนที่เจ็บป่วยอยู่จะมีอาการดีขึ้นเล็กน้อย แต่ยังต้องระวังไว้อยู่เพราะอาจกลับมาเจ็บป่วยได้อีก
Wheel of Fortune,personality,ชอบเข้าสังคม ชอบสังสรรค์ มีคอนเนคชั่นเยอะ เปิดเผยและเปิดรับมิตรภาพและความรักเข้ามาเรื่อยๆ ชีวิตมีการพลิกผัน พบจุดเปลี่ยนอยู่เสมอ เป็นคนทะเยอทะยาน อยากประสบความสำเร็จ อยากใช้ชีวิตอย่างสุขสบาย ดังนั้นในบางรายอาจจะทำงาน เพราะอยากสร้างความมั่นคงในชีวิตเร็วๆ ชอบการเสี่ยงโชคเสี่ยงดวง
Wheel of Fortune,education,ระยะนี้คุณจะมีความกระตือรือร้นในเรื่องของการเรียนเพิ่มขึ้น และมีความมุ่งมั่นที่อยากจะมีอนาคตที่ดี ทำให้คุณเริ่มขยันมากกว่าเดิม อย่างไรก็ตามคุณควรต้องฝึกความอดทนควบคู่ไปด้วยเพราะมีแนวโน้มว่าจะขยันแค่ช่วงระยะเวลาสั้น ๆ เท่านั้น นอกจากนี้ไพ่ใบนี้บ่งบอกถึงการมีกิจกรรมที่เกี่ยวกับการเรียนต่าง ๆ เช่น การเข้าชมรม หรือเข้าร่วมกิจกรรมกับทางโรงเรียน หรือมหาวิทยาลัย การทำงานเป็นกลุ่ม เป็นต้น หากมีการสอบอะไรก็ตามในช่วงนี้ ถ้าคุณเคยสอบแล้วได้คะแนนไม่ดีมากนัก ผลสอบคราวนี้มีเกณฑ์ว่าจะดีขึ้นและทำให้คุณรู้สึกพึงพอใจอย่างมาก แต่หากในอดีตคุณมีผลการเรียนที่ดีอยู่แล้วจะต้องระวังให้มาก เพราะอาจจะพลิกล็อคไม่ดีอย่างที่คิดเอาไว้
Wheel of Fortune,luck,คุณอาจมีโชคทางด้านการงานเข้ามา รวมถึงจะได้รับโอกาสในด้านการเงินอีกด้วย ในเรื่องโอกาสด้านการเสี่ยงโชค สามารถเสี่ยงโชคได้เหมือนกัน ประมาณ 50%
Justice,love_single,ในคนโสดคุณอาจได้พบกับใครบางคนเข้ามา และรู้สึกว่าเขาช่างเป็นคนที่มีเสน่ห์ดึงดูดใจมากทีเดียว แต่ต้องระวังไว้ด้วยว่า ได้เป็นคนแบบที่คุณคิด หากคุณยังไม่รู้จักเขาดีพออย่าเพิ่งทุ่มเทความรู้สึกลงไปจะดีกว่า เพราะอาจมีเรื่องให้เสียใจทีหลังได้
Justice,love_in_relationship,ได้อย่าคาดหวังอะไรจากคนรักมากนัก เพราะเขาจะมีความเป็นตัวของตัวเองสูง อยากทำอะไรก็ทำ ไม่อยากทำก้ไม่ทำ ดังนั้นจะบังคับเขาได้ยาก ในคนที่เพิ่งเริ่มคบกันความสัมพันธ์จะดูเหมือนจริงจังสุด ๆ แต่ระยะยาวยังต้องดูไปก่อน หากแต่งงานแล้ว ถือว่าความสัมพันธ์ดีพอสมควร แต่คนรักอาจจุกจิกกับคุณจนน่ารำคาญได้
Justice,career,การงานในช่วงนี้จะมีปัญหาจุกจิกวุ่นวายอยู่ตลอด ทำให้คุณรู้สึกว่างานหนัก และอาจทำงานจนไม่ได้พักเลย ระวังการหักโหมงานมากเกินไปอาจทำให้ประสิทธิภาพในเรื่องงานของคุณลดลง ควรหาเวลาพักผ่อนบ้าง นอกจากนี้คุณจะรู้สึกว่าเจ้านายจู้จี้จุกจิกกับคุณอย่างมาก อาจจะเรื่องมากหรือต้องการความเนี้ยบในเรื่องงานสูง ทำให้คุณเบื่อหน่าย ถ้าหากมีงานที่เกี่ยวกับเอกสาร ต้องระวังความผิดพลาดเอาไว้ด้วย คนที่ทำธุรกิจของตัวเอง หรือเป็นคนทำงานอิสระ ระยะนี้คุณอาจมีปัญหากับลูกค้าได้เพราะลูกค้าจะค่อนข้างเรื่องมาก ดังนั้นต้องใช้ความอดทนสูงอยู่ซักหน่อย หากมีการติดต่อเรื่องเอกสารกันควรรอบคอบด้วยไม่งั้นอาจเสียเปรียบได้
Justice,finance,จะมีโชคเรื่องการเงินเข้ามาจากความสามารถของตัวคุณเอง การเงินในระยะนี้ถือว่ามีเข้ามาไม่ขาดมือ แต่ก็มีรายจ่ายที่ค่อนข้างสูงเช่นเดียวกัน ควรระวังการใช้เงินของตัวคุณเองด้วยเพราะคุณอาจซื้อของฟุ่มเฟือยมากจนเกินไป ถึงแม้ว่าจะยังไม่ได้เดือดร้อนในเรื่องเงินมากนัก แต่ก็ไม่ควรประมาท โดยรวมแล้วการเงินจะเป็นลักษณะเข้ามือซ้าย จ่ายมือขวา สามารถหมุนเงินได้ทันแต่จะไม่มีเงินเหลือเก็บเลยนั่นเอง สำหรับคนที่ทำธุรกิจของตัวเองอาจมีรายจ่ายจุกจิกเข้ามาเยอะทำให้คุณกังวลว่าจะหาเงินไม่ทัน แต่รายได้ที่เข้ามาก็เพียงพอที่จะทำให้คุณหมุนเงินในธุรกิจของคุณ เพียงแต่กำไรอาจจะเหลือไม่เยอะนัก
Justice,health,ต้องระวังอาการป่วยจุกจิกแบบเป็น ๆ หาย ๆ โดยเฉพาะโรคที่เกี่ยวกับบริเวณช่วงท้อง อาจเป็นพวกลำไส้ หรือระบบขับถ่ายก็ได้เช่นกัน สำหรับคนที่เจ็บป่วยอยู่ยังต้องดูแลให้ดีเพราะอาจจะยังไม่หายขาด แม้ว่าจะฟื้นตัวดีขึ้นแต่ก็มีโอกาสกลับมาป่วยได้อีก
Justice,personality,สันโดษ มีโลกส่วนตัว บ้างาน รักในเกียรติและศักดิ์ศรีของตนเอง ชื่อตรง ตรงไปตรงมา มีความยุติธรรม ทำตามกฎระเบียบ ตัดสินใจเด็ดขาดแน่วแน่ ยอมหักไม่ยอมงอ ไม่เอาเปรียบใคร และไม่ให้ใครเอาเปรียบ ไม่ชอบคนผิดสัญญา มักมีหน้าที่เป็นคนกลาง เป็นที่พึ่งที่ปรึกษาของผู้อื่น
Justice,education,สถานการณ์เรื่องการเรียนยังไม่ค่อยมีอะไรน่าเป็นห่วงมากนัก เพราะคุณจะมีความมุ่งมั่นมากกว่าในอดีต และมีแรงขับเคลื่อนที่จะพัฒนาผลการเรียนของตัวคุณเองให้ดีขึ้น อย่างไรก็ตามอย่าเปรียบเทียบตัวเองกับคนอื่นมากจนเกินไป เพราะจะทำให้รู้สึกแย่เปล่า ๆ ระวังมีความขัดแย้งเล็กน้อยกับอาจารย์ หรือเพื่อนร่วมชั้นเรียนของคุณ คุณอาจต้องลดความมั่นใจในตัวเองลงด้วย อย่าอีโก้สูงจนไม่ยอมรับฟังความคิดเห็นของคนอื่น ๆ ที่หวังดีกับคุณ หากมีการสอบในระยะนี้คุณจะสามารถทำออกมาได้ดีพอสมควร แต่อาจจะไม่ใช่จุดที่คุณพอใจมากนักเพราะคาดหวังไว้มากกว่านี้
Justice,luck,ระยะนี้ยังไม่ค่อยมีโชคลาภเข้ามามากนัก แต่หากมีอาจเป็นของฝากเล็ก ๆ น้อย ๆ มากกว่า การเสี่ยงโชคในระยะนี้มีโอกาสได้บ้างแต่ไม่มาก โอกาสประมาณ 40%
The Hanged Man,love_single,สถานการณ์ความรักในระยะนี้เป็นช่วงที่ค่อนข้างจะเปราะบางสำหรับคุณ คุณอาจจะรู้สึกเคว้งคว้าง และเหงาใจเป็นอย่างมาก ในคนโสด หากไปรักไปชอบใครอยู่มีเกณฑ์ที่จะอกหัก ผิดหวัง หรือเสียความรู้สึกจากคนที่คุณแอบรัก อาจจะรักข้างเดียวหรือถูกปฏิเสธมาก็ได้เช่นกัน
The Hanged Man,love_in_relationship,ต้องระวังการเรียกร้องจากอีกฝ่ายมากเกินไป ความสัมพันธ์อยู่ในช่วงเปราะบ้าง ต้องมีการปรับตัวเข้าหากันถึงจะ : ประคองความสัมพันธ์ให้ไปต่อได้ คุณอาจจะรู้สึกว่าคนรักไม่เข้าใจคุณเลย หรืออาจมีเรื่องเสียความรู้สึกจากคนรักของคุณ ต้องระวังการ ทะเลาะกัน หรือในบางคู่อาจรุนแรงถึงขั้นเลิกรากันก็ได้เช่นกัน
The Hanged Man,career,ในระยะนี้การงานจะไม่ค่อยได้ดั่งใจคุณมากนัก ทั้งในเรื่องของเนื้องานลังคมในที่ทำงาน คุณจะมีความอึดอัดใจและต้องปรับตัวกับสภาพแวดล้อมในเรื่องงานอยู่ตลอด คุณอาจมีความคิดที่อยากจะลาออก เปลี่ยนงานเพราะเบื่อหน่ายกับงานปัจจุบันที่ทำอยู่ แต่หากคุณสามารถปรับตัวให้เข้ากับสภาพแวดล้อมในที่ทำงานได้ คุณก็จะผ่านปัญหาต่าง ๆ ไปได้เอง ในคนที่คิดจะลาออกคุณควรหางานใหม่ให้ได้ก่อนค่อยลาออกจะดีกว่า เพราะยังไม่มีเกณฑ์ในเรื่องงานใหม่เด่นชัดนักในช่วงนี้ แต่หากคุณทำงานเกี่ยวกับวงการมายา หรือเบื้องหลังกองถ่าย ด้านนิตยสาร ก็จะถือว่างานช่วงนี้ไม่ค่อยมีปัญหามากนัก ราบรื่นดี
The Hanged Man,finance,การเงินในช่วงนี้จะเป็นช่วงที่ตึงเครียดอย่างมาก คุณอาจจะช็อตเงินและหมุนเงินไม่ทัน ทำให้วิตกกังวลใจเพราะรู้สึกเหมือนตัวคุณเองมืดแปดด้าน และคิดไม่ตกกับปัญหาทางการเงินที่เกิดขึ้น พยายามอย่าใช้จ่ายฟุ่มเฟือยในระยะนี้ และควรทำบัญชีรายรับรายจ่ายบ้าง เพื่อให้คุณได้รู้ว่ามีจุดอ่อนในการใช้เงินตรงไหน และจะได้ค่อย ๆ แก้ปัญหาไปทีละขั้นตอน นอกจากนั้นคุณต้องระวังปัญหาหนี้สินหรือการค้ำประกันให้คนอื่น ๆ หากมีคนมาขอร้องให้ช่วยค้ำประกัน คุณควรคิดพิจารณาให้รอบคอบ แต่ทางที่ดีอย่าค้ำประกันให้ใครจะดีกว่าเพราะมีแนวโน้มว่าคุณจะต้องมารับผิดชอบหนี้ที่เกิดขึ้นในภายหลัง อาจมีเกณฑ์เสียเงินเกี่ยวกับเรื่องสุขภาพของตัวคุณเอง หรือคนในครอบครัวก็ได้เช่นกัน เป็นช่วงที่ต้องระวังการใช้จ่ายให้มาก ๆ
The Hanged Man,health,ระยะนี้คุณควรระวังสุขภาพให้มาก ๆ มีโอกาสที่จะล้มหมอนนอนเสื่อ หรือเจ็บไข้ไม่สบายจนต้องพักฟื้นยาว หากไพ่ใบนี้ปรากฏขึ้นนั่นเป็นสัญญาณว่าคุณควรดูแลสุขภาพให้ดีกว่านี้ หรืออาจไปพบแพทย์เพื่อตรวจสุขภาพบ้าง
The Hanged Man,personality,มีความอดทนสูง มองโลกไม่เหมือนใคร มักมีไอเดียที่คนส่วนใหญ่คาดไม่ถึง หากชอบหรือตั้งใจทำสิ่งใดจะทุ่มเทไปอย่างสุดตัว ตั้งเป้าหมายแล้ว ไม่เปลี่ยนง่ายๆ จนกว่าจะสำเร็จ ชอบอะไรเก่าๆ สถานที่เก่า หรืออะไรที่คุ้นเคย ทำให้อุ่นใจ ยึดติดบางสิ่งที่มีคุณค่าทางใจ เป็นพวกอนุรักษ์นิยม ภักดีต่อคนที่ไว้ใจหรือองค์กรที่ตนสังกัด มักจะมีภาระที่ต้องแบกรับเยอะหรือโดนตีกรอบให้ต้องเดินตามทางที่คนอื่นวางไว้ให้
The Hanged Man,education,การเรียนในช่วงนี้จะค่อนข้างเครียด และหนักหนาสาหัสสำหรับคุณอย่างมาก คุณจะรู้สึกท้อและรู้สึกเหมือนว่าไม่ค่อยเข้าใจในวิชาเรียนบางวิชา ซึ่งคุณไม่ควรประมาท ถ้าหากว่าไม่เข้าใจคุณควรรีบปรึกษาอาจารย์หรือเพื่อน ไม่เช่นนั้นมันจะส่งผลให้คุณยิ่งไม่เข้าใจในการเรียนครั้งต่อ ๆ ไป หากมีการสอบในระยะนี้ คุณควรขยันเรียนรวมถึงทบทวนบทเรียนมาก ๆ ต้องระวังสอบตก มีโอกาสสูงที่คุณจะต้องมาสอบซ่อมเพราะประมาทกับวิชาเรียนบางวิชามากจนเกินไป นอกจากนั้นระวังความเครียดในเรื่องการเรียนส่งผลจนทำให้คุณป่วย หรือไม่สบายจากการนอนพักผ่อนไม่เพียงพอด้วย
The Hanged Man,luck,ระยะนี้ยังไม่มีโชคลาภใด ๆ เข้ามา ส่วนมากมักจะเป็นทุขลาภเสียมากกว่า หากมีโอกาสทำบุญก็ควรทำเพื่อให้เคราะห์ร้ายเบาบางลงบ้าง สำหรับโอกาสในการเสี่ยงนั้น 0%
Death,love_single,ระยะนี้คุณอาจจะมีความรู้สึกหดหู่และสิ้นหวัง สถานการณ์ต่าง ๆ ไม่เป็นไปตามที่คาดหวังเอาไว้ ทำให้สภาพจิตใจของคุณย่ำแย่อย่างมาก เป็นไปได้ว่าคุณอาจจะพบกับการสูญเสียในเรื่องความรักมา แล้วจะทำให้คุณแกร่งและเข้าใจความรักได้ดียิ่งขึ้น และยังทำใจไม่ได้ อย่างไรก็ตามขอให้คุณรู้ว่าเมื่อผ่านช่วงเวลาที่เลวร้ายนี้ไป
Death,love_in_relationship,คุณจะรู้สึกว่าคนรักทำให้คุณเหนื่อยใจอย่างมาก อาจมีข้อจำกัดจากคนรักหลายอย่างที่ทำให้คุณรู้สึกเบื่อหน่ายและเหนื่อยใจกันได้ ทางที่ดีควรใจเย็นให้มากเพราะคนรักมักจะไม่มีเหตุผลในช่วงนี้ ในบางคู่ต้องระวังมีเรื่องทะเลาะกันรุนแรง อาจถึงขั้นเลิกรา
Death,career,สถานการณ์ในเรื่องการงานช่วงนี้จะไม่ค่อยดีนัก คุณจะรู้สึกเบื่อหน่ายในเรื่องงานอย่างมาก อาจมีปัญหาบางอย่างในที่ทำงานเกิดขึ้นและทำให้คุณรู้สึกว่าคุณไม่สามารถจะอดทนทำงานปัจจุบันได้อีกต่อไป ในบางคนอาจมีความรู้สึกว่าอยากเปลี่ยนงานหรือลาออก แต่คุณควรคิดให้รอบคอบเพราะหากลาออกมากลางคันโดยที่ยังไม่ได้งานใหม่ คุณอาจว่างงานนานกว่าที่คิดได้ แต่หากสามารถอดทนไปก่อนก็มีแนวโน้มว่าสถานการณ์อาจจะดีขึ้น ในคนที่ทำธุรกิจส่วนตัวอาจจะประสบภาวะฝืดเคือง ค้าขายไม่ค่อยได้หรือมีปัญหากับคู่ค้า ยังต้องพยายามประคองกันไปก่อน นอกจากนี้ในบางรายหากไม่อึดพออาจถึงขั้นปิดกิจการได้เหมือนกัน
Death,finance,สถานการณ์ในเรื่องการเงินของคุณระยะนี้เป็นช่วงที่ต้องระมัดระวังอย่างมาก อาจมีปัญหาการเงินหรือค่าใช้จ่ายที่ต้องจัดการแต่ไม่สามารถหาเงินมาหมุนได้ทัน คุณจะรู้สึกเครียดและหดหู่เหมือนว่าไม่รู้จะแก้ไขกับปัญหาที่เกิดขึ้นอย่างไรดี ช่วงนี้คุณควรใจเย็นให้มากและพยายามมีสติ อย่ากู้ยืมเงินนอกระบบหรือทำเรื่องกู้ทั้ง ๆ ที่คุณรู้ว่าเกินกำลังที่จะใช้คืน เพราะจะทำให้เกิดปัญหาตามมาทีหลังอย่างแน่นอน ในคนทำงานประจำยังต้องประหยัด อย่าฟุ่มเฟือยเพราะมีโอกาสมีหนี้สินจากการใช้เงินโดยไม่ระวังได้ ถ้าหากคุณทำธุรกิจส่วนตัวอาจมีปัญหาโดนโกง โดนเบี้ยวเงิน ระบบการเงินในบริษัทย่ำแย่ ดังนั้นควรประคองตัวไปก่อนอย่าเพิ่งคิดจะลงทุนหรือทำอะไรเพิ่ม ควรเริ่มจากการลดค่าใช้จ่ายที่ไม่จำเป็นจะดีที่สุด
Death,health,ระวังมีปัญหาสุขภาพหนักจนต้องเข้าโรงพยาบาล ในบางคนอาจมีเกณฑ์ต้องผ่าตัด หากมีโอกาสให้ไปบริจาคเลือด หรือบริจาคโลงศพก็จะช่วยแก้เคล็ดในเรื่องสุขภาพได้ ในคนที่เจ็บป่วยอยู่ต้องระวังอาการทรุด ควรดูแลสุขภาพให้มาก ๆ
Death,personality,ภายนอกเข็มแข็งแต่จริงๆ เป็นคนขี้น้อยใจ รักแรง เกลียดแรง ซึ่งแรงทำอะไรทุ่มเทเต็มที่ เก็บเงินเก่งแต่เวลาใช้มักจะจ่ายเป็นก้อน มักจะต้องเปย์คนรักหรือครอบครัวอยู่เสมอ เป็นคนประสาทสัมผัสไว จับอารมณ์คนรอบข้างได้ดี ไม่ค่อยยึดติดกับสิ่งรอบข้าง สามารถปรับตัวและพึ่งพาตนเองได้ อาจต้องอยู่ไกลบ้าน ไกลคนรัก หรือเดินทางบ่อย
Death,education,คุณจะมีความเครียดและกดดันค่อนข้างมาก ระวังการโหมเรียนหนักจนเกินไปทำให้เจ็บป่วยหรือไม่สบายได้ด้วย ในบางคนจะรู้สึกว่าเบื่อและอยากลาออกกลางคัน ซึ่งอย่าใจร้อนวู่วามจนเกินไป เพราะอารมณ์นี้จะเป็นอยู่พักนึงแล้วก็จะหาย ดังนั้นหากใจร้อนรีบออกคุณอาจจะต้องมานั่งเสียใจและเสียดายทีหลัง หากมีการสอบอะไรในช่วงนี้ต้องระวังสอบตก หรือต้องสอบซ่อมไว้ด้วย ยกเว้นว่าเรียนคณะที่เกี่ยวกับการแพทย์จะถือว่าไม่ค่อยน่าเป็นห่วงนัก แต่ก็ไม่ควรประมาท ในคนที่ทำงานกลุ่มต้องระวังมีปัญหากับเพื่อนที่เรียนด้วยกัน เป็นช่วงเวลาที่รู้สึกว่ามีปัญหารุมล้อม แต่หากอดทนก็จะสามารถผ่านพ้นมันไปได้อย่างแน่นอน
Death,luck,ไม่ควรเสี่ยงโชคใด ๆ ในช่วงนี้เพราะมีแนวโน้มว่าจะเสียเงินหนัก หากมีโอกาสได้ไปทำบุญเสริมดวงก็จะดีมาก โอกาสในการเสี่ยงโชค 0%
Temperance,love_single,ในคนโสดคุณอาจจะต้องทำใจไปก่อนว่าระยะนี้ยังไม่ใช่จังหวะที่คุณจะพบความรัก หากไปแอบรักแอบชอบใครอยู่ยังไม่มีโอกาสสมหวังมากนัก ต้องเนียน ๆ นอกจากนี้หากว่าคุณชอบใครมานานแล้วยังไม่สมหวังเกิดขึ้นด้วย
Temperance,love_in_relationship,คุณต้องระวังเรื่องอารมณ์ของตัวคุณเองให้มาก เพราะอาจจะหงุดหงิดง่ายทำให้คนรักเบื่อหน่ายได้ ระยะเป็นช่วงเปราะบางในความสัมพันธ์ต้องพยายามอย่าผูกมัดหรือเรียกร้องจากคนรักมากนัก เนื่องจากมีแนวโน้มว่าจะมีปัญหาทะเลาะกันได้
Temperance,career,สถานการณ์ในเรื่องงานระยะนี้จะไม่ค่อยดีนัก คุณจำเป็นต้องอดทนกับอารมณ์ของคนในที่ทำงาน ซึ่งบางครั้งควรปล่อย ๆ ไปบ้างอย่าใส่ใจมากนัก เพราะจะยิ่งทำให้รู้สึกแย่กับงานที่ทำอยู่ ในบางคนที่ทำงานประจำจะมีอารมณ์เบื่อหน่าย หรืออยากลาออกจากงาน งานมักจะมีปัญหาเข้ามาให้แก้จุกจิกอยู่บ่อย ๆ หรือทำงานไปแล้วโดนแก้งานกลางคันก็ได้เช่นกัน นอกจากนี้อาจจะมีเรื่องให้เดินทางเกี่ยวกับเรื่องงาน เช่น ไปดูงานต่างจังหวัดหรือต่างประเทศ เป็นต้น สำหรับคนที่ทำธุรกิจของตัวเองระยะนี้ต้องอึดอย่างมาก เพราะคุณมีแนวโน้มจะเบื่อหน่ายหรือล้มเลิกกลางคันได้ หากผ่านช่วงนี้ไปได้สถานการณ์จะเริ่มดีขึ้นอย่างช้า ๆ
Temperance,finance,การเงินในระยะนี้จะไม่ค่อยได้ดั่งใจคุณเท่าไรนัก ออกแนวเข้ามือซ้าย-จ่ายมือขวา มีเงินเข้ามาให้หมุนตลอดแต่เก็บไม่อยู่เลยซักนิด คุณควรทบทวนพฤติกรรมการใช้เงินของตัวเองในระยะที่ผ่านมาดูบ้างว่าใช้เงินตามอารมณ์มากไปหรือไม่ เพราะหากไม่ระมัดระวังคุณอาจจะพบกับภาวะเงินช็อตได้ ในคนที่คิดจะลงทุนอะไรก็ตามในช่วงนี้ควรเลื่อนไปก่อน เพราะมีโอกาสเสียหายมากกว่าได้เงิน โดยเฉพาะหากมีความคิดจะร่วมหุ้นลงขันกับใครควรเช็คให้รอบคอบด้วยจะได้ไม่เสียใจทีหลัง สำหรับคนที่เป็นเจ้าของกิจการ ระยะนี้การเงินยังพอมีเข้ามาให้ใช้จ่ายอยู่ แต่ก็ไม่ควรประมาทเพราะเงินที่เข้ามาเป็นเงินหมุนซะส่วนมาก
Temperance,health,สุขภาพโดยรวมในช่วงนี้จะยังไม่ได้มีปัญหาอะไรมากมายนัก ส่วนมากมักจะเป็นเรื่องของอารมณ์ที่หงุดหงิดง่ายเป็นพิเศษ อย่างไรก็ตามคุณควรระวังอุบัติเหตุเล็ก ๆ น้อย ๆ บริเวณหน้าขาด้วย ในคนที่เจ็บป่วยไม่สบายอยู่จะเป็นช่วงที่ร่างกายกำลังปรับตัวให้ฟื้นสภาพกลับมาแข็งแรงอีกครั้ง ดังนั้นคุณควรพักผ่อนให้เพียงพอด้วย
Temperance,personality,ไม่ชอบอยู่นิ่ง ขี้เบื่อ ชอบการออกไปข้างนอก การเดินทางจึงมักจะอยู่ไม่ติดบ้าน ชีวิตมีการเปลี่ยนแปลงเสมอ เป็นคนกล้าคิด กล้าลองติดต่อสื่อสาร เจรจาเก่งประนีประนอม มีความคิดสร้างสรรค์ แต่อาจเปลี่ยนใจง่าย รักง่ายหน่ายเร็ว อารมณ์แปรปรวน ถ้าเพื่ออะไรก็จะเปลี่ยนทันที เพราะไม่ชอบการอดทนรอคอย หาเงินเก่งแต่เก็บเงินไม่อยู่ ต้องเก็บเงินเป็นทรัพย์สินเท่านั้น มีการหมุนเงินตลอดเวลา
Temperance,education,ควรระวังอารมณ์ที่ขึ้น ๆ ลง ๆ ของคุณให้มาก ๆ เพราะจะทำให้เกิดอารมณ์เบื่อหน่าย และรู้สึกไม่อยากจะใส่ใจเรื่องการเรียนในช่วงนี้ ในคนที่ทำงานเป็นกลุ่มควรระวังความคิดเห็นไม่ตรงกัน ทำให้ขัดแย้งกันได้ง่าย ควรใจเย็น ๆ และมองอะไรให้เป็นกลางจะดีที่สุด โดยรวมแล้วการเรียนในระยะนี้ก็ยังไม่ถึงกับย่ำแย่ แต่อาจจะขาดสมาธิได้บ่อย ๆ นอกจากนั้นการพักผ่อนที่ไม่เพียงพอก็อาจส่งผลกระทบกับผลการเรียนของคุณอีกด้วย หากมีการสอบอะไรในช่วงนี้ต้องระวังให้มาก ๆ เพราะมีโอกาสได้คะแนนน้อยแบบไม่คาดคิดมาก่อน ดังนั้นควรเตรียมตัวให้ดี ๆ
Temperance,luck,โดยรวมแล้วยังไม่ค่อยมีโชคลาภใด ๆ เข้ามามากนัก ดังนั้นอย่าเพิ่งเสี่ยงโชคในระยะนี้จะดีกว่า โอกาสในด้านของการเสี่ยงโชคถือว่าไม่มีเลย คิดเป็น 0%
The Devil,love_single,ในคนโสดหากพบใครเข้ามาในช่วงนี้ต้องเช็คให้ดีว่าเขามีเจ้าของแล้วหรือยัง เพราะมีโอกาสจะเจอรักซ้อนได้ นอกจากนั้นหากจะศึกษา ดูใจกับใครควรใช้ระยะเวลานานซักหน่อยจะดีกว่า เพราะมีโอกาสที่จะเจอคนไม่จริงใจเข้ามาสูง หรืออาจจะเจอคนประเภทหวังคบคุณ เล่น ๆ ก็ได้เช่นกัน
The Devil,love_in_relationship,ในช่วงนี้คุณอาจจะรู้สึกระแวงหรือไม่เชื่อใจคนรักได้บ่อยครั้ง หรืออาจเป็นตัวคนรักเองที่ขี้หึงและระแวงคุณมาก จนเกินไป จนทำให้เกิดความไม่เชื่อใจในตัวอีกฝ่ายและทะเลาะกันได้ นอกจากนั้นคุณจะรู้สึกว่าความสัมพันธ์ระหว่างคุณกับคนรักเต็มไป ด้วยความลุ่มหลงในกันและกัน แต่บทจะมีปัญหาขัดแย้งกันก็มีปัญหากันอย่างรุนแรงทีเดี๋ยว
The Devil,career,คุณจะรู้สึกว่าระยะนี้งานของคุณค่อนข้างจะล้นมือ จนแทบไม่มีเวลาพักผ่อน หรือในบางคนอาจจะรู้สึกว่าทำงานหนักเกินค่าตอบแทนที่ได้รับ นอกจากนั้นยังมีปัญหาหลายอย่างเข้ามาให้จัดการจนปวดหัว ในการทำงานอาจจะไม่ค่อยราบรื่นมากนัก แต่ถ้ามีการใช้เส้นสาย หรือใต้โต๊ะก็อาจช่วยให้การทำงานของคุณราบรื่นขึ้นได้(แต่ถ้าไม่จำเป็นก็อย่าทำจะดีกว่า) คนทำงานส่วนตัวต้องระวังการมีปัญหากับหุ้นส่วน การโดนโกง โดนผิดสัญญา รวมถึงอาจมีปัญหาด้านเอกสารเกิดขึ้น หากมีการร่วมทุนทำการค้าร่วมกัน คุณควรตรวจสอบเอกสารให้ดี ๆ ด้วยเพราะจะเสียเปรียบในภายหลัง
The Devil,finance,คุณจะรู้สึกเครียดในเรื่องของการหมุนเงินมาก รวมทั้งอาจจะมีปัญหาการเงินเกิดขึ้นจากการใช้จ่ายอย่างไม่ระมัดระวังด้วย ควรระวังใจของตัวเองให้ดี ๆ เพราะจะมีอารมณ์อยากได้ของฟุ่มเฟือย หรือใช้เงินซื้อของที่ไม่จำเป็นเท่าไรนัก ซึ่งคุณจะมานั่งเสียใจทีหลังได้ ในคนที่ใช้บัตรเครดิตควรระวังการใช้เงินเกินตัวจนทำให้เกิดหนี้สินด้วย หากในระยะนี้จำเป็นต้องร่วมหุ้นลงทุนทำธุรกิจกับใคร ควรเว้นระยะไปก่อนและควรตรวจดูข้อเสนอให้ดี เพราะจะมีปัญหากันได้ในภายหลัง สำหรับคนทำธุรกิจส่วนตัวต้องระวังโดนเบี้ยวเงิน โดนโกง หรือลูกค้าจ่ายเงินล่าช้าทำให้เครียดมาก ดังนั้นควรรอบคอบในเรื่องเงินให้มากเป็นพิเศษ
The Devil,health,"เรื่องสุขภาพนั้นควรระมัดระวังอุบัติเหตุเล็ก ๆ น้อย ๆ บริเวณหัวเข่า,กระดูกหัวเข่า โรคเครียดหรือคิดมากจนเกินไป ในคนที่เจ็บป่วยอยู่ต้องระวังอาการเรื้อรังอาจจะทำให้หายช้ากว่าปกติ ดังนั้นควรดูแลสุขภาพมากเป็นพิเศษในระยะนี้"
The Devil,personality,แต่งตัวเก่ง ภายนอกดูดี เจ้าชู้ เจ้าเสน่ห์ น่าเชื่อถือ มีความมุมานะ จึงก้าวหน้าได้ไวใจถึง กล้าได้กล้าเสีย อารมณ์รุนแรง ใจร้อน รักแรง เกลียดแรง อยากได้อะไรต้องได้ ทำทุกอย่างเพื่อให้ได้สิ่งที่ต้องการ แต่เป็นคนวางแผนชั่งน้ำหนักในหัวก่อน ถ้าอะไรดูแล้วไม่คุ้มจะไม่ลงมือ ชอบความเสี่ยง (ที่คาดว่าตนเองจะได้แน่ๆ) หวังสูง รสนิยมดี ใช้เงินเก่ง ชอบอะไรจะชอบแบบสุดๆ จนโงหัวไม่ขึ้น
The Devil,education,ในระยะนี้ยังต้องระวังเรื่องการเรียนให้มาก คุณจะรู้สึกว่ามีสิ่งล่อตาล่อใจเต็มไปหมด ทำให้เสียสมาธิกับเรื่องเรียนได้ง่ายเป็นพิเศษ ในคนที่มีกิจกรรมในชั้นเรียน เช่น ชมรมฯลฯ ต้องระวังทุ่มเทเวลาให้กิจกรรมเหล่านั้นมากเกินไป จนทำให้ไม่มีเวลาใส่ใจเกี่ยวกับบทเรียนมากนัก คนที่ทำงานกลุ่มต้องระวังโดนเพื่อนในกลุ่มเอาเปรียบได้ ทำให้เสียความรู้สึกอย่างมา หากมีการสอบในช่วงนี้อย่าทุจริตหรือแอบจดโพยเข้าไปอย่างเด็ดขาดเพราะจะโดนจับได้อย่างแน่นอน ในการสอบหากเตรียมตัวมาดีจะผ่านฉลุยได้คะแนนเป็นที่น่าพอใจ แต่หากไม่เตรียมตัวหวังพึ่งโชคพึ่งดวงจะมีโอกาสต้องสอบซ่อมรอบสอง
The Devil,luck,ระยะนี้ด้านโชคลาภจะยังไม่มีเข้ามามากนัก หากมีโชคเข้ามามักจะมีข้อเสนอหรือเงื่อนไขบางอย่างพ่วงมาด้วยมากกว่า แต่โอกาสในการเสี่ยงโชคยังพอมีลุ้นอยู่บ้าง ประมาณ 30%
The Tower,love_single,คุณอาจจะพบกับความผิดหวังโดยที่ไม่ทันตั้งตัวเอาไว้ หรือรู้สึกว่าความคาดหวังที่มีในเรื่องความรักนั้นมันพังทลายลงมาหมด ไม่เหลือ อะไรอยู่เลย คุณจะรู้สึกว่าคนที่คุณแอบรักอยู่นั้นมีท่าทีที่เป็นการปฏิเสธตัวคุณ ทำให้รู้สึกเศร้ามากทีเดียว ในคนที่ยังโสดและยังไม่ถูกใจ ใครคงต้องรอไปก่อน เพราะยังไม่ใช่จังหวะของคุณ
The Tower,love_in_relationship,ระยะนี้คุณต้องระมัดระวังเรื่องของอารมณ์ตัวคุณเองให้มาก ๆ มีแนวโน้มว่าอาจจะระเบิดอารมณ์ใส่คนรักได้ นอกจากนี้การหึงหวงหรือระแวงคนรักมากเกินไปก็อาจจะเป็นชนวนที่ทำให้ทะเลาะกันได้อย่างหนักอีกด้วย โดยรวมแล้วเป็นช่วงที่ความ สัมพันธ์เปราะบาง ต้องใจเย็นให้มาก
The Tower,career,ในช่วงนี้คุณต้องระมัดระวังอารมณ์ของตัวคุณเองให้มาก ๆ มีแนวโน้มว่าจะหงุดหงิดง่ายกับทุก ๆ เรื่องซึ่งจะทำให้ปัญหาต่าง ๆ บานปลายใหญ่โตกว่าเดิมได้ คนที่ทำงานมานานจะรู้สึกอึดอัดและเริ่มทนไม่ไหวกับบรรยากาศในที่ทำงาน เริ่มมีความรู้สึกอยากที่จะลาออก เปลี่ยนงานใหม่ แต่ควรคิดให้ดีก่อนจะลาออกเพราะหากลาออกไปแล้วอาจจะใช้เวลาค่อนข้างนาน กว่าจะได้งานใหม่อีกครั้ง อย่างไรก็ตามระวังปัญหาในเนื้องานที่อาจเกิดขึ้นด้วย อาจมีความขัดแย้งกับคนรอบข้างเยอะ ต้องระวังตัวเองให้ดีโดยเฉพาะเรื่องการใช้คำพูด และการแสดงออกของคุณเอง คนทำธุรกิจส่วนตัวต้องระวังโดนโกง หรือยอดขายตกจนน่าใจหาย
The Tower,finance,เป็นช่วงเวลาที่ตึงเครียด คุณจะมีความกังวลอย่างหนักเกี่ยวกับเรื่องการเงินของตัวคุณเอง เป็นไปได้ว่าอาจมีรายจ่ายเข้ามาแบบกระทันหันโดยที่คุณไม่ได้ตั้งตัวเอาไว้ก่อน ทำให้หมุนเงินไม่ทัน และอาจช็อตเงินได้ หากมีใครมาขอหยิบขอยืมเงินในช่วงนี้ให้เลี่ยงไปก่อน เพราะอาจจะไม่ได้เงินคืน ในคนที่เป็นเจ้าของธุรกิจควรหลีกเลี่ยงการลงทุน และการเสี่ยงทุกรูปแบบ เพราะมีแนวโน้มว่าจะเสียเงินหนักแบบไม่ได้เงินต้นคืนแน่นอน แต่หากท่านใดมีโครงการที่จะลงทุนกับการก่อสร้างอาคาร หรือต่อเติมออฟฟิต ก็จะถือว่าไม่ค่อยมีปัญหาอะไรมากนักเพียงแต่ต้องระวังว่างบอาจจะบานปลายเกินกว่าที่ตั้งเอาไว้
The Tower,health,ต้องระวังอุบัติเหตุให้มาก ๆ อาจจะไม่ใช่อุบัติเหตุร้ายแรงแต่ก็ทำให้เจ็บตัวได้พอสมควร เช่น โดนมีดบาด หรือเหยียบเศษแก้วจนเลือดออก เป็นต้น ดังนั้นในระยะนี้ควรรอบคอบเอาไว้จะดีกว่า คนที่เจ็บป่วยอยู่ต้องระวังอาการทรุดลงได้อีก ยังไม่ถือว่าหายดีในระยะนี้
The Tower,personality,เป็นคนสู้คน ไม่ยอมใคร ขยัน กระตือรือร้น กล้าหาญเด็ดเดี่ยว และค่อนข้างเด็ดขาด ยึดมั่นถือมั่นในตนเอง เชื่อสิ่งใดมักมั่นใจในสิ่งนั้น มีความเห็นแปลกใหม่ไม่ตรงกับคนอื่น คิดต่าง คิดสวนกระแส ใจร้อน หุนหันพลันแล่น คิดเร็ว ลงมือทำเร็ว จนบางครั้งเข้าข่ายประมาทขาดความรอบคอบ ซุ่มซ่าม คิดฟุ้งซ่าน พูดตรง และพูดอะไรไม่ระมัดระวัง ขวานผ่าซาก ไม่มีโชคด้านการเสี่ยง
The Tower,education,จะมีความรู้สึกกดดัน และเครียดกับสถานการณ์ในระยะนี้มาก คุณจะเริ่มรู้สึกอึดอัด และพาลไม่อยากมาเรียน หรืออาจหาเรื่องโดดเรียนเพราะเรียนไปก็ไม่เข้าใจ ควรระวังความคิดด้านลบของตัวคุณเองให้ดี เพราะจะเป็นตัวฉุดให้การเรียนคุณแย่และตกต่ำลง นอกจากนี้การใช้อารมณ์อยู่เหนือเหตุผลจะนำไปสู่ความขัดแย้งในกลุ่มเพื่อนที่โรงเรียน/มหาวิทยาลัยของคุณอีกด้วย คนที่ทำงานกลุ่มอาจมีปัญหากับเพื่อน หรือมีเหตุการณ์บางอย่างที่ทำให้รู้สึกผิดหวังกับสังคมในที่เรียนของตัวคุณเอง โดยรวมแล้วเป็นช่วงเวลาที่ต้องอดทนให้มาก คุณอาจจะรู้สึกท้อแท้อย่างหนัก แต่อย่างไรก็ตามการมีสติในทุก ๆ เรื่องก็จะช่วยให้ปัญหาหนักกลายเป็นเรื่องเบาลงไปได้
The Tower,luck,ยังไม่มีโชคลาภใด ๆ เข้ามาในระยะนี้ นอกจากนั้นต้องระวังมีเคราะห์ด้วย หากมีโอกาสหมั่นทำบุญก็จะช่วยให้หนักเป็นเบาได้ ด้านการเสี่ยงโชค ไม่ควรเสี่ยงโชคใด ๆ ในช่วงนี้เพราะมีโอกาสเสียเงินหนัก โอกาสเสี่ยง 0%
The Star,love_single,สถานการณ์ความรักในช่วงนี้จะค่อนข้างผ่อนคลาย สบาย ไม่มีอะไรที่ทำให้คุณวิตกกังวลมากนัก ในกรณีที่คุณยังโสดอาจจะเป็นช่วง เวลาที่ดวงชะตาด้านความรักยังไม่โดดเด่น ไม่ค่อยมีอะไรตื่นเต้นหวือหวา หากแอบชอบใครอยู่ยังต้องลุ้นกันต่อไป เพราะโอกาสสมหวังยัง มีไม่มากนัก
The Star,love_in_relationship,จะมีความผ่อนคลายในความสัมพันธ์ระหว่างคุณกับคนรักมากยิ่งขึ้น หากก่อนหน้านี้มีเรื่องผิดใจเกิดขึ้นก็มีแนว โน้มว่าจะได้รับการคลี่คลายในเร็ววันนี้ อาจจะกลับมาคืนดีกันใหม่แต่ความสัมพันธ์ไม่แน่นแฟ้นมากนัก ในคู่รักต้องอย่าเรียกร้องจากคน รักมากเกินไป ให้อิสระกับคนรักบ้างก็จะทำให้ความสมพันธ์ราบรื่นไปด้วยดี
The Star,career,คุณจะมีความรู้สึกเบื่อหน่ายในเรื่องการงาน เพราะไพ่ใบนี้บ่งบอกถึงงานที่สบายจนเกินไป หรือในบางกรณีอาจหมายถึงไม่ค่อยมีงานเข้ามาให้คุณทำ มักจะมีเวลาว่างเยอะจนเบื่อ ซึ่งหากเป็นแบบนี้ไปนาน ๆ จะทำให้คุณหมดความกระตือรือร้นในที่สุด ลองพูดคุยกับเจ้านายของคุณดูเพื่อของานทำเพิ่มก็อาจจะช่วยแก้ปัญหาได้ ในคนที่มองหางานใหม่อาจจะต้องรอจังหวะไปก่อนเพราะคุณจะยังไม่ได้งานในเร็ววันนี้ หากคิดจะลาออกแล้วไปหางานเอาดาบหน้าก็ต้องระวังเพราะมีเกณฑ์จะว่างงานไปหลายเดือน ในคนทำงานส่วนตัวหรือค้าขาย ระยะนี้ลูกค้าอาจจะซบเซาไปบ้าง ไม่ค่อยมีออเดอร์เข้ามาทำให้ท้อใจ อย่างไรก็ตามหากคุณสามารถอดทนกับช่วงเวลานี้ไปได้ก็จะมีสิ่งดี ๆ เกิดขึ้นอย่างแน่นอน
The Star,finance,การเงินในระยะนี้จะพอมีเข้ามาบ้าง แต่ว่าไม่มากนัก ดังนั้นอย่าเพิ่งชะล่าใจใช้เงินฟุ่มเฟือยเกินไป ควรเผื่อเงินฉุกเฉินเอาไว้จะดีกว่า หากก่อนหน้านี้คุณมีปัญหาหนักในเรื่องการเงิน ก็แสดงว่าช่วงนี้จะเริ่มเบาบางลงบ้าง แต่การเงินก็ยังไม่แน่ไม่นอน ในคนที่คิดจะลงทุนทำธุรกิจควรชะลอเวลาไปก่อน อย่าเพิ่งลงทุนในช่วงนี้ เพราะว่าอีกนานกว่าจะถอนทุนคืนได้ ยังไม่ใช่จังหวะที่เหมาะนัก ในบางคนอาจมีค่าใช้จ่ายในเรื่องของต่อเติมบ้าน หรือปรับปรุงที่ดินที่อยู่อาศัยก็ได้เช่นกัน โดยรวม ๆ แล้วดวงการเงินช่วงนี้จัดว่าไม่ถึงกับลำบาก แต่ก็ไม่มีให้ใช้ตามใจมากนัก หากรอข่าวการเงินอยู่อาจจะต้องทำใจว่ายังไม่ได้ดั่งใจนัก ยังต้องรอไปอีกซักพัก
The Star,health,ในช่วงนี้สุขภาพของคุณยังถือว่าไม่ค่อยน่าเป็นห่วง แต่ให้ระวังการพักผ่อนที่ไม่เพียงพอ อาจจะทำให้ป่วยเล็ก ๆ น้อย ๆ ได้ ในคนที่สุขภาพไม่ค่อยแข็งแรง หรือกำลังเจ็บป่วยอยู่จะมีการฟื้นตัวอย่างช้า ๆ หากดูแลสุขภาพให้ดีก็จะหายป่วยอย่างแน่นอน
The Star,personality,เป็นคนมีเสน่ห์ ไปที่ไหนใครก็ชื่นชม มีความโดดเด่นเป็นเอกลักษณ์ ของตนเอง สุภาพ เรียบร้อย จิตใจดี โอบอ้อมอารี ชอบช่วยเหลือผู้อื่น มองโลกในแง่บวก รักธรรมชาติ รักอิสระ แต่ก็มีความรักสันโดษ มีโลกส่วนตัว อยู่ติดบ้าน มีความจริงใจจึงทำให้มีเพื่อนเยอะแต่คนสนิท จริงๆ น้อย ทำงานหาเงินเก่ง มักได้เงินจากความสามารถและการเข้าสังคม รักพวกพ้อง สติปัญญาดี มีความคิดสร้างสรรค์
The Star,education,การเรียนในระยะนี้จะดีขึ้นกว่าในอดีตเล็กน้อย แต่ตัวคุณเองต้องมีความพยายามให้มากขึ้นด้วย ในช่วงนี้คุณจะรู้สึกผ่อนคลายกับการเรียนมากขึ้น ระหว่างจะทำตัวตามสบายเกินไปจนกลายเป็นความขี้เกียจได้ หากมีข้อสงสัยในวิชาเรียนให้ลองจับกลุ่มหรือขอคำแนะนำจากเพื่อน ๆ ดู พวกเขาจะช่วยคุณได้เป็นอย่างดี หากมีการสอบในระยะนี้ยังถือว่าผลสอบออกมาน่าพอใจ ไม่ถึงกับดีมากแต่ก็ไม่ตกอย่างแน่นอน สิ่งที่ต้องระวังคือการพักผ่อนของตัวคุณเอง ต้องจัดสรรเวลาในการทบทวนบทเรียนและการพักผ่อนให้เพียงพอ ไม่เช่นนั้นอาจจะทำให้เกิดความติดขัดในวิชาที่เรียนได้
The Star,luck,ช่วงนี้คุณจะยังไม่มีโชคลาภ หรือลาภผลใด ๆ เกิดขึ้น หากมีเรื่องดี ๆ เข้ามามักจะเป็นเรื่องเกี่ยวกับความสบายใจกับชีวิตมากกว่า ด้านการเสี่ยงโชคยังไม่ใช่จังหวะที่เหมาะ โอกาสในการเสี่ยงโชค 0%
The Moon,love_single,สถานการณ์ความรักมักไม่ค่อยได้ดั่งใจมากเท่าไรนักในช่วงนี้ หากเป็นคนโสดคุณอาจจะแอบชอบใครอยู่แต่ว่าอีกฝ่ายยังดูไม่ชัดเจนกับคุณรวมถึงเป็นไปได้ว่าเขาอาจจะมีคนรักของเขาอยู่แล้วก็ได้เช่นกัน ความสัมพันธ์ในระยะนี้จะยังไม่ก้าวหน้าอย่างที่คาดหวังเอาไว้อาจจะต้องรอดูไปก่อน
The Moon,love_in_relationship,ในระยะนี้คุณอาจจะหวาดระแวงคนรักมากจนเกินไปจนทำให้คนรักรำคาญได้ ควรลดความคิดมากและอย่าจับผิด คนรักมากจนเกินไปนัก ในบางคู่อาจจะมีปัญหาขัดแย้งกับคนรักได้รวมถึงรู้สึกว่ามีเรื่องคาใจที่ยังไม่ได้คุยเคลียร์กัน อย่างไรก็ตามควรใช้ ความใจเย็นและอย่าคิดฟุ้งซ่านไปเองเพราะจะทำให้เกิดปัญหาในความสัมพันธ์ได้
The Moon,career,คุณจะมีความเครียดและความกดดันในเรื่องงานค่อนข้างมากกว่าปกติ อาจจะมีอารมณ์หดหู่และเบื่อหน่ายไม่อยากทำงานเกิดขึ้นระยะนี้เรื่องงานจะเอาแน่เอานอนไม่ได้ มีโอกาสโดนแก้งานบ่อยจนทำให้คุณท้อใจเพราะทำงานได้ไม่ถูกใจเจ้านายซักที มีโอกาสมีปัญหาเรื่องการงานกับเพื่อนร่วมงานในเรื่องการสื่อสารที่ผิดพลาด หรือคุยกันแล้วไม่เคลียร์นอกจากนั้นต้องระวังทำเอกสารหายหรือทำข้อมูลผิดพลาดจนถูกตำหนิ ดังนั้นควรรอบคอบให้มาก ๆ หากต้องมีการขอความช่วยเหลือจากเพื่อนร่วมงาน อาจไม่ได้รับความร่วมมือเท่าไรนัก
The Moon,finance,คุณจะมีความเครียดในเรื่องของการเงิน หรือสึกกดดันและวิตกกังวลอย่างมาก ควรระวังการใช้เงินแบบตามใจตัวเองมากจนเกินไป อาจจะใช้เงินเพื่อคลายเครียดซึ่งจะทำให้เกิดหนี้สินตามมาทีหลัง ทางที่ดีคุณควรทำบัญชีรายรับรายจ่าย รวมถึงตรวจสอบสถานภาพทางการเงินของตัวคุณเองด้วย อย่าเพิ่งคิดจะซื้อทรัพย์สินหรือของมีค่าในระยะนี้ เพราะมีโอกาสที่จะหมุนเงินไม่ทัน หากมีคนชวนลงทุนหรือทำธุรกิจอะไรในช่วงนี้ควรรอบคอบให้มาก เพราะมีโอกาสโดนโกงหรือขาดทุนจนเจ๊งได้ นอกจากนั้นควรระวังเงินหายหรืออาจทำของมีค่าหายไว้ด้วย ในคนทำธุรกิจของตัวเองควรตรวจสอบเรื่องบัญชีของบริษัทให้ละเอียด เพราะมีโอกาสโดนยักยอกทรัพย์ได้
The Moon,health,"คุณควรระวังโรคเกี่ยวกับระบบเลือดในร่างกาย การดื่มน้ำเปล่าน้อยจนเกินไป มีการดื่มน้ำอัดลม, การดื่มเครื่องดื่มแอลกอฮอล์ หรือดื่มเครื่องดื่มที่ไม่ค่อยมีประโยชน์กับร่างกายมากจนเกินไป นอกจากนั้นไพ่ใบนี้ยังบ่งบอกถึงการนอนหลับพักผ่อนที่ไม่เพียงพอ อาจมีความรู้สึกว่านอนหลับยากกว่าปกติ ในระยะนี้คุณอาจจะหมกมุ่นอยู่กับเรื่องต่าง ๆ มากจนเกิดไปจนทำให้เกิดความเครียดสูง ควรปล่อยว่างและหาเวลาดูแลสุขภาพจิตตัวเองบ้างเพราะอาจจะเป็นโรคเครียดได้ ในคนที่เจ็บป่วยอยู่ควรระวังการติดเชื้อ หรือการป่วยเรื้อรังไว้ด้วย"
The Moon,personality,ภายนอกทำเป็นเข้มแข็ง แต่ลึกๆ อ่อนไหวง่าย ไม่มีความเด็ดขาด ขี้เหงา ขี้เกรงใจ ขี้สงสาร คิดมาก มีความวิตกกังวล ตื่นตระหนก กลัวสิ่งที่ไม่คุ้นชิน ต้องการที่พึ่งทางใจ รักใครก็จะติดคนนั้น อ้อนเก่ง คิดอะไรพูดอย่างนั้นไม่ชอบคนแปลกหน้า เกลียดใครจะไม่สู้ต่อหน้าแต่จะสู้ลับหลังแทน (แอบสู้แบบเงียบๆ) มีคนคอยช่วยเหลืออยู่เสมอ ถูกเชียร์ถูกคะยั้นคะยอง่ายเพราะจะใจอ่อนไม่กล้าปฏิเสร ต้องการเป็นที่ยอมรับ ของสังคมรอบข้าง การเงินขึ้นลงไปตามอารมณ์
The Moon,education,คุณอาจจะมีความเครียดและกดดันในเรื่องการเรียนอย่างมาก รวมถึงอาจจะมีความไม่เข้าใจในบางวิชาที่ตัวคุณเองไม่ถนัด คุณควรปรึกษาเพื่อนที่เก่งกว่าหรือปรึกษาอาจารย์เพราะหากปล่อยทิ้งเอาไว้จะยิ่งทำให้คุณไม่เข้าใจมากขึ้นกว่าเดิม ในระยะนี้มีแนวโน้มว่าคุณจะเอาปัญหาอย่างอื่นมาคิดกังวลจนส่งผลกับการเรียนของตัวคุณเอง หากมีการสอบในระยะนี้ต้องระวังได้คะแนนไม่ดีหรือสอบตกได้ มีโอกาสต้องสอบซ่อมรอบสอง ดังนั้นควรขยันอ่านหนังสือและทบทวนบทเรียนให้มากกว่าที่เป็นอยู่นอกจากนี้ควรระวังการนอนดึกมากจนเกินไปซึ่งส่งผลทำให้ตัวคุณเองไม่ค่อยมีสมาธิในเรื่องการเรียนเท่าที่ควรจะเป็น
The Moon,luck,ในระยะนี้จะไม่มีโชคลาภใด ๆ เกิดขึ้น ดังนั้นอย่าโลภและอย่าคาดหวังเกี่ยวกับข้อเสนอใด ๆ ก็ตามที่เข้ามา นอกจากนั้นมีเกณฑ์จะถูกหักหลังหรือโดนหลอกลวงได้ จึงควรระวังให้มาก ๆ ในเรื่องของการเสี่ยงโชคไม่ควรเสี่ยงโชคเลย โอกาสในการเสี่ยง 0%
The Sun,love_single,เป็นช่วงเวลาที่มีโอกาสในเรื่องความรักครั้งใหม่ หากในอดีตคุณเคยผิดหวังมาก่อน ก็มีแนวโน้มว่าจะได้เจอคนที่เข้ามาทำให้หัวใจรู้สึกอบอุ่นอีกครั้ง ในคนโสดถือว่าไพ่ใบนี้ให้โชคเรื่องความรักสำหรับคุณเป็นช่วงเวลาที่เสน่ห์ในตัวคุณเปล่งประกายออกมา
The Sun,love_in_relationship,โดยรวมแล้วเป็นช่วงเวลาที่ความสัมพันธ์ระหว่างคุณกับคนรักสดชื่นกันดีมีการเอาใจใส่กันและกันและมีความคาดหวังที่จะคบกันไปให้ตลอดรอดฝั่ง นอกจากนี้ยังมีความกระตือรือร้นที่จะผลักดันให้อีกฝ่ายประสบความสำเร็จในด้านอื่น ๆอีกด้วย สำหรับคนที่แต่งงานแล้วหากไม่ได้คุมกำเนิดจะมีโอกาสมีบุตร
The Sun,career,ระยะนี้จะเป็นช่วงที่คุณมีโอกาสก้าวหน้าในสายงานที่กำลังทำอยู่ ได้รับความไว้วางใจจากเจ้านายในที่ทำงาน หรืออาจได้เลื่อนขั้น เลื่อนตำแหน่ง ปรับเงินเดือนตามความเหมาะสม จะมีงานใหม่ ๆ ให้คุณต้องรับผิดชอบ ซึ่งคุณจะสามารถทำมันออกมาได้ดี ทำให้เป็นที่ยอมรับจากคนรอบข้างในด้านความสามารถของคุณ แต่อาจต้องระวังไว้ด้วยเพราะมีโอกาสจะโดนหมั่นไส้ได้เช่นกัน สำหรับคนที่ทำธุรกิจของตัวเอง คุณอาจมีโครงการใหม่ หรือความคิดใหม่ ๆ เกี่ยวกับธุรกิจของคุณ ซึ่งมีโอกาสก้าวหน้าไปในทิศทางที่ดี รวมไปถึงคุณจะมีชื่อเสียงในสายงานของคุณ มีคนรู้จักองค์กรของคุณมากขึ้นด้วย
The Sun,finance,คุณจะมีโชคลาภทางการเงินเข้ามา ซึ่งจะได้มาจากความสามารถของตัวคุณเอง หากในอดีตมีปัญหาการเงินที่ทำให้วิตกกังวลอยู่ ก็จะถือว่าจะมีการคลี่คลายไปในทิศทางที่ดีขึ้น คุณจะมีโชคทางการเงินแบบไม่คิดไม่ฝัน อาจไม่มากมายนักแต่ก็พอใจในระดับหนึ่ง ในคนที่รอคอยข่าวด้านการเงินอยู่ จะได้รับข่าวดี หรือหากมีคนเคยหยิบยืมเงินของคุณไปก็จะมีโอกาสได้คืนอีกด้วย สำหรับคนที่เป็นเจ้าของธุรกิจ หรือทำธุรกิจของตัวเอง จะเป็นจังหวะที่มีเงินเข้ามาในระบบค่อนข้างมาก หากเป็นพ่อค้าแม่ค้าก็ถือว่าขายดี กำไรงาม หรือใครมีความคิดที่อยากจะต่อยอดทำธุรกิจอื่น ๆ ก็มีโอกาสจะทำได้เช่นกัน
The Sun,health,โดยรวมแล้วสุขภาพของคุณยังอยู่ในเกณฑ์ดี ไม่มีปัญหาอะไรให้น่าหนักใจ อาจจะมีปวดหัวตัวร้อนบ้างเล็กน้อย ในคนที่อยากมีบุตรช่วงนี้ร่างกายจะสมบูรณ์พร้อม ทำให้มีโอกาสมีบุตรได้ง่าย คนที่เจ็บป่วยไม่สบายอยู่จะฟื้นตัวหายดี กลับมาแข็งแรงอีกครั้ง
The Sun,personality,บุคลิกร่าเริง แจ่มใส ยิ้มง่าย หัวเราะง่าย มั่นใจในตนเอง ขยัน ใครพบก็สดชื่น มองโลกในแง่บวก พลังงานสูง อยู่ไม่สุข กระตือรือร้นที่จะทำกิจกรรม ชอบอยู่ในบรรยากาศที่สนุกสนาน มีความคิดสร้างสรรค์ ไอเดียดี เป็นศูนย์กลางของคนรอบข้าง บางมุมจะนิสัยเหมือนเด็ก เก็บความลับไม่อยู่ โป๊ะแตก มีความใจร้อนแบบเด็ก อวดเก่งและเชื่อใจคนง่าย
The Sun,education,สถานการณ์ในเรื่องการเรียนของคุณมีแนวโน้มว่าจะดีขึ้น ถ้าในอดีตผลการเรียนของคุณตก ก็ให้ดีใจได้เลยว่าหลังจากนี้จะเริ่มดีขึ้นแบบช้า ๆ สิ่งที่ต้องระวังในช่วงนี้คือคุณอาจจะมั่นใจในตัวเองมากเกินไป คิดว่าตัวเองเก่ง หรือเจ๋งมากพอ ซึ่งความคิดแบบนี้จะทำให้คุณไม่ยอมพัฒนาตัวเอง และไม่ขยันเท่าที่ควร ดังนั้นควรเปลี่ยนแปลงความคิดเสียใหม่ หากมีการสอบในระยะนี้มีโอกาสผ่านค่อนข้างสูง แต่อย่างไรก็ตามอย่าเพิ่งประมาท ขอให้ตั้งใจทำให้เต็มที่แล้วผลการเรียนจะออกมาดีกว่าที่คาดคิดเอาไว้อย่างแน่นอน ในคนที่ต้องสอบแข่งขันต่าง ๆ หรือสอบเอ็นทรานซ์จะสอบติดแน่ ๆ ถ้าหากคุณไม่ขี้เกียจ
The Sun,luck,จะมีโชคลาภในเรื่องความรัก หรือมีโชคจากเด็ก ในคนที่คิดจะเสี่ยงโชคมีโอกาสลุ้นพอสมควร โอกาสในการเสี่ยงโชคประมาณ 50%
Judgement,love_single,ไพ่ใบนี้มักบ่งบอกถึงการพบรักแบบไม่คาดฝัน หรือเจอโดยกะทันหัน ในคนโสดคุณมีโอกาสได้พบกับใครบางคนโดยที่ไม่คาดคิดมาก่อน และมีโอกาสที่จะเรียนรู้ศึกษานิสัยใจคอของอีกฝ่ายด้วย ให้ความสัมพันธ์ก้าวหน้าขึ้น ส่วนคนที่แอบชอบใครอยู่อาจจะมีความคิดที่จะตัดสินใจทำอะไรบางอย่าง เพื่อให้ความสัมพันธ์ก้าวหน้าขึ้น
Judgement,love_in_relationship,จะเป็นช่วงเวลาที่คุณรู้สึกปลอดโปร่งโล่งใจกว่าที่เคย หากในอดีตคุณมีเรื่องค้างคาใจกันอยู่ก็จะมีโอกาสได้เคลียร์กันในเร็ววันนี้ คุณอาจต้องทำใจบ้างว่าคนรักจะไม่ค่อยมีเวลาใส่ใจคุณมากนักแต่นั่นก็ไม่ได้แปลว่าเขารักคุณน้อยลง เพียงแต่เขาอาจจะมีภาระหลายอย่างทำให้ไม่ได้ใส่ใจคุณนั่นเอง ในคู่ที่ห่างเหินกันไปจะมีโอกาสกลับมาคบกันใหม่
Judgement,career,อาจจะมีการเปลี่ยนแปลงการงานแบบกะทันหัน หรือมีข่าวเรื่องการงานเข้ามา รวมไปถึงอาจมีปัญหาเก่า ๆ หรืองานเก่าที่ทำเสร็จแล้วโดนรื้อให้เอากลับมาแก้ไขอีกครั้ง ระยะนี้คุณควรอ่อนน้อมกับเจ้านาย/ผู้ใหญ่ในที่ทำงานไว้ด้วย เพราะมีโอกาสได้รับความช่วยเหลือจากผู้ใหญ่ นอกจากนั้นอาจหมายถึงมีเรื่องต้องตัดสินใจว่าจะทำอย่างไรกับชีวิตการทำงานของตัวคุณเอง แต่อย่างไรก็ตามขอให้คุณรู้ไว้ว่าการตัดสินใจในครั้งนี้จะส่งผลกับอนาคตของตัวคุณเองด้วย ซึ่งไม่สามารถบอกได้ว่าดีหรือร้าย แต่เป็นสิ่งที่คุณต้องเผชิญกับมัน คนทำงานส่วนตัวอาจมีความคิดที่อยากปรับปรุงธุรกิจที่ทำอยู่ให้เข้าที่เข้าทางกว่าเดิม
Judgement,finance,อาจจะมีการเปลี่ยนแปลงการงานแบบกะทันหัน หรือมีข่าวเรื่องการงานเข้ามา รวมไปถึงอาจมีปัญหาเก่า ๆ หรืองานเก่าที่ทำเสร็จแล้วโดนรื้อให้เอากลับมาแก้ไขอีกครั้ง ระยะนี้คุณควรอ่อนน้อมกับเจ้านาย/ผู้ใหญ่ในที่ทำงานไว้ด้วย เพราะมีโอกาสได้รับความช่วยเหลือจากผู้ใหญ่ นอกจากนั้นอาจหมายถึงมีเรื่องต้องตัดสินใจว่าจะทำอย่างไรกับชีวิตการทำงานของตัวคุณเอง แต่อย่างไรก็ตามขอให้คุณรู้ไว้ว่าการตัดสินใจในครั้งนี้จะส่งผลกับอนาคตของตัวคุณเองด้วย ซึ่งไม่สามารถบอกได้ว่าดีหรือร้าย แต่เป็นสิ่งที่คุณต้องเผชิญกับมัน คนทำงานส่วนตัวอาจมีความคิดที่อยากปรับปรุงธุรกิจที่ทำอยู่ให้เข้าที่เข้าทางกว่าเดิม
Judgement,health,โดยรวมแล้วสุขภาพของคุณยังถือว่าไม่น่าเป็นห่วงอะไรมากนัก แต่ต้องระวังโรคที่เกี่ยวกับศีรษะ เช่นอาการปวดหัวต่าง ๆ นอกจากนี้หากเคยเป็นโรคอะไรมาก่อนต้องระวังว่าโรคเก่า ๆ ที่เคยเป็นจะกลับมาได้อีก ในคนที่เจ็บป่วยอยู่ยังต้องใช้เวลาอีกซักพักในการฟื้นตัว อาการจะดีขึ้นแบบช้า ๆ
Judgement,personality,ชีวิตมีการพลิกผัน กระตือรือร้น ว่องไว ปากกับใจตรงกัน อาจจะพูดจาโผงผางไปบ้าง แต่จริงๆ คุยสนุก คุยเก่ง ช่างพูด ช่างเจรจา จิตใจดี ชอบให้กำลังใจคนอื่น เป็นที่รู้จักของสังคมรอบข้าง เป็นคนเปิดเผย โน้มน้าวจิตใจเก่ง ทำอะไรกล้าได้กล้าเสีย ทำอะไรผิดไม่ค่อยขึ้น เพราะกรรมติดจรวด ไม่นานจะถูกเปิดโปง บางครั้งอาจดูลึกลับเข้าใจยาก เข้าถึงได้ยาก เวลาโมโหจะน่ากลัวมาก
Judgement,education,ในช่วงที่ผ่านมาคุณอาจพบว่าคุณหลงระเริงหรือปล่อยเวลาไปโดยเปล่าประโยชน์กับเรื่องที่ไม่ค่อยมีสาระ แต่เมื่อไพ่ใบนี้ปรากฏขึ้นมันมักบ่งบอกว่าตัวคุณเองได้เติบโตเป็นผู้ใหญ่ มีความคิดและสติมากขึ้นกว่าในอดีต คุณจะมีความรู้สึกที่อยากจะพัฒนาในเรื่องการเรียนของตัวคุณเองให้ดีขึ้นกว่าเดิม อาจมีการตัดสินใจเรียนพิเศษ รวมถึงเรียนตามคอร์สอบรมต่าง ๆ ก็ได้เช่นกัน หากมีปัญหาในเรื่องการเรียนลองปรึกษารุ่นพี่ในมหาวิทยาลัย หรือสถาบันที่คุณเรียนดู พวกเขาจะช่วยคุณได้มากกว่าที่คิด คนที่ทำงานกลุ่มกับเพื่อนระยะนี้ถือว่าราบรื่นดี ไม่ค่อยมีปัญหามากนัก หากมีการสอบอย่าหวังพึ่งโชค หากขยันและเตรียมตัวมาดีมากพอคุณจะทำได้อย่างแน่นอน แต่หากขี้เกียจให้เตรียมตัวซ่อมไว้ได้เลย
Judgement,luck,คุณอาจมีโชคลาภเข้ามาแบบไม่ได้คาดคิดคาดฝัน ถ้าหากคาดหวังอาจจะไม่ได้ ได้โดยที่ไม่ได้คาดหวังเอาไว้ การเสี่ยงถือว่าพอมีลุ้นบ้างไม่มากนัก ประมาณไม่เกิน 40%
The World,love_single,คนโสดคุณจะมีโอกาสได้พบรักครั้งใหม่ หรืออาจหมายถึงคุณได้เลิกรากับใครมาซักพักหนึ่งแล้ว และได้พบคนใหม่ที่เข้ามาในชีวิตของคุณอย่างไรก็ตามลองเปิดใจดูเพราะในระยะแรกคุณอาจจะไม่ได้สนใจเขามากเท่าไรนักมากกว่าที่คิด แต่เมื่อได้ลองพูดคุยกันแล้วมีแนวโน้มว่าจะเข้ากันได้
The World,love_in_relationship,อาจเป็นช่วงที่คุณทั้งคู่ต้องมานั่งทบทวนเกี่ยวกับความสัมพันธ์ว่าจะเดินหน้าไปในทิศทางใดต่อหากไม่ก้าวหน้าไปมากกว่านี้ก็อาจจะเลิกรากันได้ด้วยสาเหตุบางประการ ส่วนคู่ที่คบกันมานานแล้วจะถือว่าความสัมพันธ์ยังราบรื่นดีอยู่มีการท่องเที่ยวเดินทางด้วยกันหรือคุณอาจมีคนรักเป็นคนไกลกัน (คนต่างประเทศ)
The World,career,ระยะนี้คุณจะมีความรู้สึกว่าต้องการให้เรื่องงานของคุณเข้าที่เข้าทางมากกว่านี้ เช่น ได้งานใหม่ที่ตรงใจ หรือได้รับความรับผิดชอบใหม่ ๆ ที่ทำให้คุณก้าวหน้าขึ้น โดยรวมแล้วคุณมีความปรารถนาที่จะมีความมั่นคงกว่าปัจจุบันที่เป็นอยู่ ในบางคนอาจมีความคิดที่อยากเปลี่ยนแปลงงาน หรือลาออกเพื่อเริ่มต้นงานใหม่ อาจเป็นได้ทั้งการทำงานที่ใหม่ หรือออกไปทำธุรกิจของตัวเองเต็มตัวก็ได้เช่นกัน ซึ่งหากคุณตัดสินใจดีแล้วก็อย่าได้กังวลไปเพราะสถานการณ์ที่เกิดขึ้นนี้ เมื่อคุณผ่านพ้นมันมาและมองย้อนกลับไป จะเห็นว่าสิ่งที่ผ่านมานั้นเป็นบทเรียนที่จะทำให้คุณเติบโตและแข็งแกร่งขึ้น คนที่ทำธุรกิจของตัวเองหากทำมานานแล้วจะเริ่มมีความมั่นคงมากขึ้น แต่หากเพิ่งทำช่วงแรก ๆ จะรู้สึกเหนื่อยและอยากเลิกทำ อย่างไรขอให้อดทนไปอย่าเพิ่งถอดใจง่าย ๆ
The World,finance,สถานการณ์เรื่องการเงินของคุณนั้นจัดว่ายังไม่ถึงกับดีมากนัก แต่ก็อยู่ในระดับที่ไม่ได้ลำบาก หรือเดือดร้อนเรื่องการเงินในระยะนี้ บางคนอาจมีความคิดที่อยากจะลงทุนในเรื่องของอสังหาริมทรัพย์ หรือที่ดิน ซื้อบ้านซื้อที่เก็บไว้ก็ได้เหมือนกัน ซึ่งถ้าหากว่าคุณไม่ได้มีภาระด้านการเงินมากนัก ก็สามารถซื้อได้ คนที่รอข่าวการเงินอยู่อาจจะต้องรอนานซักหน่อย แต่ก็มีโอกาสได้อยู่เหมือนกัน ส่วนคนที่เคยให้ใครหยิบยืมเงินไปนั้นโอกาสได้คืนมีอยู่บ้าง แต่ว่านานมากจนคุณอาจจะลืมไปแล้วถึงได้เงินคืน คนที่ทำธุรกิจส่วนตัวอาจมีความคิดที่อยากขยับขยายธุรกิจของคุณ แต่ควรรอจังหวะก่อนเพราะการเงินยังไม่ราบรื่นเท่าไรนัก
The World,health,โดยรวมแล้วยังไม่ค่อยน่าเป็นห่วงมากนัก แต่ต้องระวังอาการเจ็บหลังไว้บ้างเล็กน้อย อาจจะมีอาการปวดได้เป็นพัก ๆ ในคนที่เจ็บป่วยอยู่จะมีโอกาสหายดีอย่างแน่นอน แต่อาจจะช้า ดังนั้นควรดูแลสุขภาพอย่างต่อเนื่องด้วย
The World,personality,เบื่อง่าย ชอบการเปลี่ยนแปลง ชอบท่องเที่ยว มีความทันสมัย ปรับตัวเก่ง ทันโลก ทันข่าวสารบ้านเมือง เป็นผู้นำเทรนด์ นำกระแส กระฉับกระเฉง ตื่นตัวอยู่เสมอ ทำอะไรรวดเร็ว หูตาไว ทุกที่คือบ้าน ทุกคนคือเพื่อน รักอิสระ ทำมาหากินเก่ง จับอะไรก็เป็นเงินเป็นทอง รายได้สูง เข้าสังคมเยอะ อยู่ไม่ติดบ้าน
The World,education,คุณจะมีอารมณ์เรื่อย ๆ เปื่อย ๆ ไม่ค่อยมีไฟในการเรียนซักเท่าไร โดยเฉพาะบางคนอาจเกิดความรู้สึกว่าสายที่เรียนมานั้นไม่เหมาะกับคุณ อยากซิ่วหรืออยากเปลี่ยนสายไปเรียนอย่างอื่น อย่างไรก็ตามควรคิดตัดสินใจให้ดีเพราะหากตัดสินใจไปแล้วจะมาแก้ไขอะไรอีกไม่ได้ หากมีการสอบอะไรในช่วงนี้ต้องพึ่งตัวเองล้วน ๆ อย่าขี้เกียจหรือหวังพึ่งคนอื่นมากเกินไป เพราะมีโอกาสที่คุณต้องสอบซ่อมได้ถ้าอ่านหนังสือมาไม่มากพอ ในคนที่เรียนมาจนใกล้จบแล้ว ขอให้คุณมีกำลังใจได้ว่าหากคุณขยันอย่างเต็มที่แล้ว คุณจะเรียนจบภายในปีนี้แน่นอน ดังนั้นอย่าเพิ่งถอดใจง่าย ๆ
The World,luck,ช่วงนี้โชคลาภที่เกิดขึ้นมักได้มาจากความพยายามและความขยันของตัวคุณเองล้วน ๆ ด้านโอกาสเสี่ยงโชคยังมีลุ้นบ้างเล็กน้อยแต่ไม่มากนัก ประมาณไม่เกิน 20%
